MNPD Tracking,Date,Time,Crash Type,Single Vehicle,Roadway Type,Main Street,Side Street,Closest Address,Longitude,Latitude,Fatalities,Hit and Run,Council District,Victim Names,Victim Ages,Housing Statuses,Comments,News Links
Unknown,2026-09-27,20:30:00,pedestrian,No,State Route,Murfreesboro Pk,Summercrest Blvd,,-86.614736,36.050466,1,No,32,,,,"An unidentified pedestrian died Sunday after being struck by a Dodge Charger at Murfreesboro Pike and Summercrest Blvd around 8:30 p.m. MNPD reports the 25-year-old driver was going through a green light, showed no signs of impairment, and remained at the scene.",WKRN: https://www.wkrn.com/news/local-news/nashville/pedestrian-killed-in-crash-on-murfreesboro-pike-2/
Unknown,2026-09-27,02:00:00,vehicle,Yes,State Route,Briley Pkwy W,I-65 N,,-86.7494,36.242424,1,No,5,Austin Franklin,24,,"Austin Franklin, 24, died Sunday after grabbing the steering wheel during an argument with a 20-year-old driver on I-65 North near Briley Pkwy. The Camry veered off-road, crossed all lanes, and hit a median. Franklin died at the scene; the driver is stable at Skyline Medical Center.",WKRN: https://www.wkrn.com/news/local-news/nashville/one-dead-another-injured-in-i-65-crash/; Nashville.gov: https://www.nashville.gov/departments/police/news/passenger-killed-sunday-mornings-single-vehicle-crash-i-65-north
Unknown,2026-09-27,,pedestrian,No,Local,Murfreesboro Pk,,,-86.645587,36.080555,1,No,29,Madisson A. De La Paz Garcia,1,,"Madisson A. De La Paz Garcia, 1, died Monday after being struck by an SUV outside her home on Murfreesboro Pike. Her aunt pulled forward, unaware the child was near the vehicle. Madisson died at Vanderbilt Children’s Hospital.  The precise location of this crash is unknown for privacy.",WKRN: https://www.wkrn.com/news/local-news/nashville/1-year-old-killed-after-being-struck-by-vehicle/; Nashville.gov: https://www.nashville.gov/departments/police/news/one-year-old-girl-fatally-struck-vehicle-outside-her-home-murfreesboro-pike
Unknown,2026-09-26,19:45:00,motorcycle,No,State Route,Gallatin Pk S,Walton Ave,,-86.723939,36.238841,1,No,7,Juan Resendiz,25,,"Motorcyclist Juan Resendiz, 25, died Saturday after colliding with a Buick Envista turning onto Walton Lane from Gallatin Pike S. Resendiz was thrown from his motorcycle and passed away at Skyline Medical Center. The investigation is ongoing.",Nashville.gov: https://www.nashville.gov/departments/police/news/motorcyclist-fatally-injured-collision-suv; WKRN: https://www.wkrn.com/news/local-news/25-year-old-motorcyclist-dies-after-gallatin-pike-crash/
Unknown,2026-09-25,01:30:00,vehicle,Yes,State Route,Old Hickory Blvd,Seven Springs way,,-86.76827,36.040217,1,No,4,John Doe,79,,An unidentified male driver died Friday after losing control and striking a power pole and concrete pillar on Old Hickory Blvd near Seven Springs Way. The 1:30 a.m. crash caused his car to overturn and knocked out power to the area. MNPD suspects speed was the primary factor.,WKRN: https://www.wkrn.com/news/local-news/nashville/brentwood-old-hickory-cloverland-crash/; WSMV: https://www.wsmv.com/2026/09/25/driver-dies-after-rollover-crash-near-metro-nashville-brentwood-line/
20260569342,2026-09-20,21:00:00,vehicle,No,State Route,Dickerson Pk,,,-86.761156,36.223199,1,No,5,,,,"Per MNPD, a fatal head-on collision occurred at this location on Dickerson Pk, near Sunset drive at 9:00 PM on Sunday, September 20th.  No further details are known at this time.",
Unknown,2026-09-19,,vehicle,No,State Route,Ashland City Highway,,,-86.889317,36.211542,1,No,1,Emily C. Dollarhide,35,,"Emily C. Dollarhide, 35, died at Skyline Medical Center following a crash in the 4700 block of Ashland City Hwy. She was a passenger in a Ford Mustang that struck a pickup truck making a u-turn. Her husband was uninjured, and the truck driver sustained non-life-threatening injuries.",Nashville.gov: https://www.nashville.gov/departments/police/news/woman-critically-injured-september-19-crash-ashland-city-highway-has-died
20260566168,2026-09-18,23:00:00,vehicle,Yes,Local,Great Circle Rd,Cumberland River Green,,-86.79312,36.197342,1,No,2,Savannah Stair,28,,"Savannah Stair, 28, died after her Toyota 4Runner ran off the road along a curve, hit a curb, and overturned late Friday on Great Circle Road. She passed away at Vanderbilt Medical Center. MNPD noted no signs of impairment.",WKRN: https://www.wkrn.com/news/local-news/nashville/former-mtsu-athlete-dead-after-metrocenter-crash/; Nashville.gov: https://www.nashville.gov/departments/police/news/driver-killed-single-vehicle-crash-great-circle-road
Unknown,2026-09-17,23:55:00,vehicle,No,Interstate,I-24 W,Hickory Hollow Pkwy,,-86.648828,36.039535,1,No,32,German Machado Mengual,40,,Two semis and at least three passenger vehicles were involved in a crash on I-24 W in the westbound lanes near mile marker 60 (Hickory Hollow Pkwy) at 11:55 p.m. Thursday evening.  One person involved in this crash was taken to an area hospital where they died. The number of injuries is unknown.,WKRN: https://www.wkrn.com/news/local-news/i-24-antioch-deadly-crash-10/; WKRN (Update): https://www.wkrn.com/news/local-news/nashville/charges-pending-following-deadly-5-vehicle-crash-on-i-24/
20260559841,2026-09-15,22:10:00,motorcycle,Yes,Local,Rice Road,,The Village of Meadowood Apartments,-86.643735,36.067751,1,No,32,Julio Cesar Ramirez-Rondon,35,,"Julio Cesar Ramirez-Rondon, 35, of Antioch died after striking parked vehicles in the parking lot of Meadowood Apartments.  MNPD officers responded shortly after 10 p.m. to find the rider unresponsive, and medics pronounced him dead at the scene.",WKRN: https://www.wkrn.com/news/local-news/nashville/motorcyclist-killed-in-antioch-crash/; Nashville.gov: https://www.nashville.gov/departments/police/news/motorcyclist-killed-tuesdays-crash-rice-road
20260556722,2026-09-14,12:10:00,vehicle,Yes,State Route,Highway 100,Old Hickory Blvd,,-86.915255,36.060983,1,No,34,Robert Gerald,69,,"Robert Gerald, 69, was driving a 2015 GMN Terrain when, for reasons unknown, the SUV traveled over the double yellow lines and off the roadway, where it then collided head-on into a tree.  Gerald was wearing a seatbelt and was taken to Vanderbilt University Medical Center, where he died.",WKRN: https://www.wkrn.com/news/local-news/nashville/nashville-highway-100-crash-death/; Nashville.gov: https://www.nashville.gov/departments/police/news/nashville-man-dies-after-single-vehicle-crash-highway-100
20260554418,2026-09-13,07:04:00,vehicle,Yes,State Route,Murfreesboro Pk,,860 Murfreesboro Pk,-86.721903,36.133733,1,No,13,Gjuanna Southerland,28,,"Sunday morning, a 28-year-old Nashville woman died after her Ford F-150 traveled onto a curb, went up an embankment, and flipped onto its side on Murfreesboro Pike. The driver was not wearing a seatbelt and was ejected in the crash. She later passed away at Vanderbilt Medical Center.",WKRN: https://www.wkrn.com/news/local-news/nashville/woman-killed-in-single-vehicle-crash-on-murfreesboro-pike-police-say/; Nashville.gov: https://www.nashville.gov/departments/police/news/woman-fatally-injured-sunday-morning-crash
20260540160,2026-09-05,22:33:00,vehicle,No,Local,Centennial Blvd,Bomar Blvd,,-86.863044,36.171417,1,No,20,Andre Adams,20,,"Andre Adams, 20, died Sept. 23 from injuries sustained during a Sept. 5 street racing crash at Bomar and Centennial Blvd. Adams was ejected when a speeding Infiniti Q50 went airborne over tracks and crashed. Driver Ja’Quarius Meredith, 25, fled the scene and is wanted by MNPD.",WKRN: https://www.wkrn.com/news/local-news/nashville/driver-sought-nashville-street-racing-death/
20260538747,2026-09-05,02:30:00,pedestrian,No,Local,River Road,,5700 River Rd,-86.984795,36.202848,1,No,35,Joseph Ballentine,35,,"Joseph Ballentine, 35, died Saturday after being struck by a westbound car while lying on the road in the 5700 block of River Road. The driver showed no impairment and could not avoid the impact around 2:30 a.m. along the dark, curved stretch of roadway.",WKRN: https://www.wkrn.com/news/local-news/nashville/pedestrian-dead-after-davidson-county-crash/; Nashville.gov: https://www.nashville.gov/departments/police/news/pedestrian-fatally-injured-river-road
20260530934,2026-09-01,17:38:00,pedestrian,No,State Route,Murfreesboro Pk,Fesslers Ln,,-86.744328,36.142958,1,No,16,Michael Magee,68,Unhoused,"Per MNPD and WKRN, a wrecker turning left onto Fesslers Lane hit a man who was walking. He reportedly died at the scene.",WKRN: https://www.wkrn.com/news/local-news/nashville/fesslers-lane-murfreesboro-pike-pedestrian-crash/
20260528149,2026-08-31,11:58:00,motorcycle,Yes,Interstate,I-440 Exit Ramp,I-24 East,,-86.728778,36.124951,1,No,16,Jason Gooch,46,,"46-year-old Jason Gooch, of Nashville, was traveling along the I-440 exit ramp to I-24 East around noon when he lost control of his Kawasaki ZX6 during a curve.  Officials said the motorcycle went to the left shoulder before crashing into the cable barrier median.  ",WKRN: https://www.wkrn.com/news/local-news/nashville/nashville-i-440-ramp-motorcycle-crash/; Nashville.gov: https://www.nashville.gov/departments/police/news/motorcyclist-killed-mondays-noon-crash-i-440-exit-ramp
20260511883,2026-08-24,03:07:00,vehicle,No,Interstate,I-40 E,,MM 221.0,-86.597915,36.170148,1,No,12,Kendreck Murry Jr.,26,,"Kendreck Murry Jr., 26, was driving his 2011 Hyundai Genesis at an extremely high rate of speed according to witnesses, when he struck the back of a Peterbilt garbage truck, causing the truck to overturn and his vehicle to catch fire. Murry died at the scene. No one else was seriously injured.",WKRN: https://www.wkrn.com/news/local-news/nashville/hermitage-crash-leaves-one-person-dead/; Nashville.gov: https://www.nashville.gov/departments/police/news/man-killed-mondays-collision-i-40-identified
20260506078,2026-08-21,00:44:00,vehicle,No,Interstate,I-24 E,,MM 63.0,-86.61571,36.009941,1,No,33,John Doe,26,,Investigators believe traffic was slowing for lane closures on the interstate due to road work. A tractor-trailer was preparing to change lanes when a Toyota Camry made a sudden lane change and struck the back of the trailer.,WKRN: https://www.wkrn.com/news/local-news/i-24-antioch-crash-ohb/; Nashville.gov: https://www.nashville.gov/departments/police/news/driver-car-killed-collision-tractor-trailer-i-24
20260497937,2026-08-17,14:30:00,pedestrian,No,Local,Daily's Travel Center Alley,,,-86.745177,36.143731,1,Yes,17,Tasha,46,Unhoused,"According to the MNPD’s preliminary investigation, the woman was sleeping underneath the semi-truck’s trailer when the semi-truck pulled out of a parking spot and she was struck by the rear tires.  Police said the semi-truck did not stop; the driver may have not known the woman was run over.",WKRN: https://www.wkrn.com/news/local-news/nashville/semi-truck-hits-kills-pedestrian-at-gas-station-metro-nashville-police-say/; Nashville.gov: https://www.nashville.gov/departments/police/news/woman-found-fatally-struck-while-sleeping-underneath-semi-fesslers-lane; Nashville Banner: https://nashvillebanner.com/2026/08/19/nashville-unhoused-semi-truck-death-tasha/
20260484257,2026-08-11,02:49:00,vehicle,No,State Route,Harding Pl,Linbar Dr,,-86.705896,36.084159,1,No,30,Martin Villagomez Jr.,30,,"Martin Villagomez Jr., 30, was killed early Tuesday after his Nissan Altima was broadsided at Harding Place and Linbar Drive by a driver who ran a red light around 2:45 a.m. The other driver, Lizbeth Delgado Cruz, 32, faces vehicular homicide by intoxication charges upon hospital release.",WKRN.com: https://www.wkrn.com/news/local-news/nashville/deadly-harding-place-crash/; Nashville.gov: https://www.nashville.gov/departments/police/news/woman-faces-vehicular-homicide-intoxication-charge-after-2-vehicle-collision
20260477014,2026-08-07,04:30:00,motorcycle,Yes,Local,SHORELINE LN,SWAN RIDGE DR,,-86.587002,36.052683,1,No,8,,,,"An unidentified individual has died following an August 7 head-on collision involving a parked motor vehicle.  MNPD details state no adverse weather conditions and a ""DARK - LIGHTED"" illumination description.",
20260465452,2026-08-01,12:37:00,pedestrian,No,Local,4th Ave,Broadway,,-86.77719,36.161014,1,No,19,Timothy Wedlock,58,,"An Australian tourist died and three others were injured after an 87-year-old driver ran a red light at 4th Avenue and Broadway, striking four pedestrians in the crosswalk. Two pedestrians and the driver remain in critical condition. MNPD is investigating the cause.",WKRN: https://www.wkrn.com/news/local-news/nashville/pedestrians-struck-in-downtown-nashville/; News Channel 5: https://www.newschannel5.com/news/state/tennessee/davidson-county/multiple-people-hit-in-crash-on-lower-broadway-in-nashville; WSMV: https://www.wsmv.com/2026/08/01/large-police-presence-reported-downtown-nashville-2/; Nashville.gov: https://www.nashville.gov/departments/police/news/investigation-ongoing-saturdays-fatal-crash-4th-avenue-south-at-broadway
Unknown,2026-07-31,21:02:00,pedestrian,No,State Route,Murfreesboro Pike,,2541 Murfreesboro Pk,-86.641033,36.076841,1,Yes,29,,,,"A pedestrian was killed on Murfreesboro Pk on Friday, July 31st. A MNPD Sergeant was traveling on the road and found the pedestrian lying in the middle of the road. The area was not well lit. The pedestrian was struck ~120 ft from the closest crosswalk, directly in front of a bus stop.",
20260461154,2026-07-30,10:07:00,vehicle,No,Interstate,I-24 W,,MM 39.8,-86.806989,36.285293,1,No,3,Madeline Mitchell,29,,"Madeline Mitchell, 29, of Clarksville, failed to slow down for traffic from an earlier semi-truck rollover crash. Mitchell's semi collided with the back of another semi, which then caused that truck to hit the back of a third semi-truck.  Mitchell died at the scene. The driver of the third semi sustained minor injuries.",WKRN: https://www.wkrn.com/news/local-news/nashville/deadly-crash-blocks-i-24w-near-old-hickory-boulevard-exit/; Nashville.gov: https://www.nashville.gov/departments/police/news/woman-fatally-injured-semi-trailer-collision-i-24-west
20260459817,2026-07-29,19:00:00,motorcycle,No,Interstate,I-65 S,,,-86.757557,36.237901,1,No,5,Jason Bungarz-Kinney,19,,"Jason Bungarz-Kinney, 19, of Tullahoma, died overnight following a Wednesday evening crash on I-65 South near Dickerson Pike.  Bungarz-Kinney attempted to pass between two southbound semi-trailer trucks driving side by side and struck the rear of one trailer.",WKRN: https://www.wkrn.com/news/local-news/nashville/tullahoma-teen-dead-after-motorcycle-crash-on-i-65/; Nashville.gov: https://www.nashville.gov/departments/police/news/motorcyclist-fatally-injured-i-65-south-collision
20260443046,2026-07-21,09:30:00,vehicle,Yes,State Route,East Trinity Ln,Scruggs Ln,,-86.780332,36.206631,1,No,2,Deandera Lovell,61,,"A male driver has died following a. single-vehicle crash on E Trinity Ln near Scruggs Ln. The preliminary investigation indicates the eastbound Accord failed to negotiate a curve, went off the roadway and struck a metal utility pole.  They were transported to Skyline Medical Center where he died.",WKRN: https://www.wkrn.com/news/local-news/nashville/1-dead-following-crash-on-east-trinity-lane/; Nashville.gov: https://www.nashville.gov/departments/police/news/driver-killed-tuesday-mornings-single-vehicle-crash-east-trinity-lane
20260423394,2026-07-11,05:11:00,pedestrian,No,State Route,Murfreesboro Pk,Parks Retreat Dr,4141 Murfreesboro Pk,-86.594209,36.03162,1,No,32,Mikel Holder,48,,"Mikel Holder, 48, was struck and killed early Saturday morning on Murfreesboro Pike near Parks Retreat Drive.  The motorist remained at the scene, and reported that rain severely limited visibility, leaving no time to react.  The exact location of this crash is currently unknown.",WSMV: https://www.wsmv.com/2026/07/11/driver-says-he-had-no-time-react-after-pedestrian-killed-antioch-crash/; Nashville.gov: https://www.nashville.gov/departments/police/news/pedestrian-fatally-struck-saturday-morning-murfreesboro-pike
20260422646,2026-07-10,21:02:00,pedestrian,No,Local,McGavock Pk,Elm Hill Pike,2406 Elm Hill Pike,-86.683133,36.153123,1,Yes,15,Jaime Magsam,48,,A pedestrian was struck and killed just north of the intersection of McGavock Pike and Elm Hill Pike.  The driver fled the scene.  No further details are currently known.,Nashville.gov: https://www.nashville.gov/departments/police/news/investigators-working-identify-driver-involved-mcgavock-pike-fatal-hit-run-crash; WKRN: https://www.wkrn.com/news/local-news/nashville/mcgavock-pike-deadly-hit-and-run-crash/
20260413897,2026-07-06,18:31:00,vehicle,No,State Route,Murfreesboro Pk,Faircloth Ln,,-86.666642,36.103291,1,No,28,Bankole Olupinla,38,,"Bankole Olupinla, 38, was killed Monday after attempting to turn left onto Murfreesboro Pike from Faircloth Ln, when he was hit by a Tesla traveling 70 mph in a 45 mph.  Olupinla's car was struck on the rear passenger side, causing it to spin and throwing him from the vehicle.  The speeding driver was charged with vehicular homicide via reckless conduct.",WKRN: https://www.wkrn.com/news/local-news/nashville/driver-killed-in-high-speed-crash-on-murfreesboro-pike/; Nashville.gov: https://www.nashville.gov/departments/police/news/driver-charged-vehicular-homicide-following-mondays-crash-murfreesboro-pike
20260412406,2026-07-06,00:10:00,pedestrian,No,State Route,Nolensville Pk,,4026 Nolensville Pk,-86.726905,36.08158,1,Yes,30,Robert Powell,68,Unhoused,"Robert Powell, 68, was killed when he was hit by two vehicles while attempting to cross Nolensville Pike in South Nashville early Monday morning. Powell was taken to an area hospital with life-threatening injuries and later died, police said.",WKRN: https://www.wkrn.com/news/local-news/nashville/pedestrian-killed-while-crossing-nolensville-pike/; WSMV: https://www.wsmv.com/2026/07/06/pedestrian-dies-after-getting-hit-by-truck-south-nashville/; Nashville.gov: https://www.nashville.gov/departments/police/news/publics-assistance-sought-identifying-two-hit-run-drivers-involved-fatal-crash
20260403763,2026-07-01,17:27:00,motorcycle,No,Interstate,I-40 E,,MM 202.8,-86.876866,36.147861,1,No,20,,,,A motor cyclist on I-40E was reported to be traveling at a high speed when they switched lanes and struck a truck.  No additional details are currently known at this time.,WSMV: https://www.wsmv.com/2026/07/02/i-40-east-west-nashville-closed-due-crash-tdot-says/
20260401718,2026-06-30,20:00:00,vehicle,Yes,State Route,Old Hickory Blvd,,4041 Old Hickory Blvd,-86.62495,36.229086,1,No,11,James Spiceland,32,,"James Spiceland, 32, of Old Hickory, was following a single-vehicle crash at Old Hickory Boulevard and Shute Lane.  Spiceland was driving a Mazda M3 northbound around 8 p.m. when the vehicle left the roadway, traveled through a ditch, and struck a tree.  Police noted no signs of impairment at the scene.",WKRN: https://www.wkrn.com/news/local-news/nashville/1-dead-after-crash-at-old-hickory-intersection/; Nashville.gov: https://www.nashville.gov/departments/police/news/man-fatally-injured-tuesdays-single-vehicle-crash-old-hickory-boulevard
20260395534,2026-06-27,23:47:00,pedestrian,No,State Route,Lafayette St,Rep. John Lewis Way,427 Lafayette St,-86.772958,36.152459,1,No,19,Taramon Diane Lopez,50,,"Taramon Diane Lopez, 50, has passed away at VUMC following a June 27 collision on Lafayette St at Rep. John Lewis Way.  Lopez was struck by a Chevrolet Silverado at 11:47 pm. The driver remained at the scene to render aid, and showed no signs of impairment. Lopez succumbed to her injuries on July 2.",Nashville.gov: https://www.nashville.gov/departments/police/news/pedestrian-identified-following-june-27th-fatal-crash-lafayette-street
326080262,2026-06-20,15:20:00,vehicle,Yes,State Route,Briley Pkwy,,MM 15.8,-86.745175,36.239828,1,No,5,Quandrell Alderson,46,,"Quandrell Alderson, 46, was killed Saturday afternoon after his Hyundai Sonata left the roadway on Briley Parkway. The vehicle traveled into the median and struck a steel pole supporting a large roadway sign near mile marker 15.8 around 3:20 p.m. No other vehicles were involved.",WKRN: https://www.wkrn.com/news/local-news/nashville/1-killed-in-briley-parkway-crash/
20260377377,2026-06-19,10:12:00,motorcycle,No,Interstate,I-24 E,Harding Pl Entrance Ramp,,-86.698697,36.083498,1,No,30,Jessica F Turner,34,,"Jessica F. Turner, 34, of Nashville, died Friday morning after losing control of her Kawasaki Ninja on the I-24 East entrance ramp from Harding Place.  Witnesses report Turner rode through a grassy area at a high speed before losing control on the pavement and sliding into the path of an SUV. No other injuries were reported.",WKRN: https://www.wkrn.com/news/local-news/nashville/i-24-closed-in-south-nashville-pedestrian-crash/; WSMV (updated): https://www.wsmv.com/2026/06/19/police-say-speed-believed-be-factor-nashville-motorcycle-crash-that-left-woman-dead/
20260189738,2026-06-16,20:22:00,motorcycle,Yes,Local,Wren Rd,,851 Wren Rd,-86.705635,36.297275,1,No,10,Perry Kelso Foxx,54,,"Perry Kelso Foxx, 54, passed away on June 21, after his single-vehicle motorcycle crash on Wren Road in Goodlettsville on June 16th.  Foxx was riding southbound when he exited the roadway and struck a mailbox before coming to rest in a yard.",SmokeyBarn.com: https://smokeybarn.com/beloved-rivergate-skate-center-security-guard-dies-days-after-motorcycle-crash/
20260371084,2026-06-16,17:11:00,vehicle,No,Local,W Trinity Ln,Whites Creek Pk,,-86.791918,36.206985,1,No,2,Donna Goad,60,,"Donna Goad, 60, of Nashville, died Tuesday evening following a collision at West Trinity Lane and Whites Creek Pike. Goad was a passenger in a Honda Accord, driven by her Grandson, that struck a Chevrolet Silverado work truck after the truck's driver cut a turn short out of a driveway. No other serious injuries were reported.",Nashville.gov: https://www.nashville.gov/departments/police/news/nashville-woman-killed-two-vehicle-collision-west-trinity-lane-at-whites-creek-pike
20260342428,2026-06-03,16:40:00,motorcycle,No,State Route,Hermitage Ave,Academy Pl,,-86.765785,36.155481,1,No,19,William B. Scott,35,,"William B. Scott, 35, was traveling southbound at 4:40 p.m. on his Kawasaki ZX1 when he struck the driver’s side of the Mercedes as it was crossing Hermitage Avenue from Academy Place.  Scott was transported to Vanderbilt University Medical Center where he died.",Nashville.gov: https://www.nashville.gov/departments/police/news/motorcyclist-killed-wednesdays-crash-hermitage-avenue
2026034003,2026-06-02,15:50:00,pedestrian,No,Local,Woodland St,,417 Woodland St,-86.766435,36.171285,1,No,6,Carlos Ralpheal Lyons,62,,"Carlos Ralpheal Lyons, 62, was killed after a speeding Ford Raptor truck drove onto the sidewalk in the 400 block of Woodland Street. The vehicle crossed into oncoming traffic, struck the pedestrian on the sidewalk, and crashed through a fence into a parking lot.",Fox17: https://fox17.com/news/local/pedestrian-killed-after-truck-veers-onto-sidewalk-crashes-into-parking-lot; Nashville.gov: https://www.nashville.gov/departments/police/news/man-charged-vehicular-homicide-intoxication-after-pedestrian-fatally-injured-woodland-street
20260337608,2026-06-01,14:57:00,vehicle,Yes,State Route,8th Ave S,Wedgewood Ave,1909 8th Ave S,-86.779133,36.134239,1,No,17,Zander Jeffcoat,22,,"Zander Jeffcoat, 22, died Monday afternoon after his BMW X3 left the roadway and struck a light post at 8th Avenue South and Wedgewood Avenue. He was transported to Vanderbilt University Medical Center, where he passed away.",WKRN: https://www.wkrn.com/news/local-news/nashville/man-killed-wedgewood-houston-crash/; Nashville.gov: https://www.nashville.gov/departments/police/news/driver-killed-monday-afternoons-single-vehicle-crash-8th-avenue-south
20260332595,2026-05-30,04:25:00,vehicle,No,State Route,Briley Parkway,,MM 21.8,-86.849709,36.228263,1,No,1,Alan J. Roncone,66,,"Alan J. Roncone, 66, of Clarksville, was killed Saturday morning after his Chevrolet Cruze was struck head-on by a Ford F-150 driving the wrong way on Briley Parkway.  The 17-year-old wrong-way driver faces charges of vehicular homicide by intoxication and reckless endangerment.",WSMV: https://www.wsmv.com/2026/05/30/17-year-old-charged-wrong-way-crash-that-killed-clarksville-man-briley-parkway/; Nashville.gov: https://www.nashville.gov/departments/police/news/17-year-old-charged-vehicular-homicide-todays-wrong-way-fatal-crash-briley-parkway
20260322598,2026-05-25,22:24:00,vehicle,No,Interstate,I-24 W,,MM 38.8,-86.811508,36.298599,1,No,1,Talon Sewell,18,,"Talon Sewell, 18, died following a multi-vehicle crash on I-24 West near the Old Hickory Boulevard exit. Multiple others were injured in the collision, which occurred around 10:24 p.m. near mile marker 38.8 and forced a full closure of the westbound lanes for several hours.",WKRN: https://www.wkrn.com/news/local-news/nashville/man-dead-after-crash-on-i-24-in-whites-creek/; Nashville.gov: https://www.nashville.gov/departments/police/news/teen-charged-vehicular-homicide-intoxication
20260305371,2026-05-18,01:30:00,pedestrian,No,State Route,Harding Pl,Donelson Pk,,-86.679023,36.09289,1,No,13,,,,An unidentified man was killed early Monday morning after being struck by a semi-truck near Harding Place and Donelson Pike.  MNPD reported that multiple calls were made before the incident about a man walking in and out of the road in the area.  The truck driver remained at the scene.,WSMV: https://www.wsmv.com/2026/05/18/pedestrian-dies-after-being-hit-by-semi-nashville/; Nashville.gov: https://www.nashville.gov/departments/police/news/pedestrian-fatally-injured-at-harding-place/donelson-pike-intersection
326063776,2026-05-16,21:05:00,pedestrian,No,Interstate,I-24 E,,MM 56.0,-86.697911,36.082335,1,No,30,,,,"An unidentified pedestrian was killed Saturday night after being struck by a vehicle on I-24 East near mile marker 56. The single-vehicle crash occurred shortly after 9 p.m., forcing the closure of all eastbound lanes for several hours. No further details have been released.",WKRN: https://www.wkrn.com/news/local-news/nashville/i-24-east-blocked-near-harding-place-due-to-pedestrian-crash/
20260276414,2026-05-04,14:00:00,pedestrian,No,Local,E Trinity Ln,Gallatin Pk,,-86.738845,36.203586,1,No,5,Billy Ray Swaner,58,Experienced Housing Instability,"Billy Ray Swaner, 58, was killed Monday afternoon after being struck by a freight truck near the intersection of Trinity Lane and Gallatin Pike. Metro Nashville Police are currently working to identify the victim and determine if they were in the roadway or on the sidewalk at the time of the collision.",WSMV: https://www.wsmv.com/2026/05/04/pedestrian-hit-killed-by-freight-truck-near-nashville-intersection/; Nashville.gov: https://www.nashville.gov/departments/police/news/pedestrian-fatally-struck-semi-east-nashville-after-stumbling-roadway; WSMV (Updated): https://www.wsmv.com/2026/05/08/weve-cried-beloved-newspaper-vendor-killed-east-nashville-crash/?tbref=hp
20260266385,2026-04-29,17:20:00,bicycle,No,Local,2nd Ave N,Jr Gilliam Way,,-86.783026,36.174395,1,No,19,Larry W. Smith,52,Experienced Housing Instability,"Larry W. Smith, 52, died Wednesday after being hit by a Ford F-350 on 2nd Avenue North while on a bicycle. The crash occurred as the cyclist entered the roadway from the sidewalk. The driver showed no signs of impairment; authorities are investigating the circumstances of the incident.",Nashville.gov: https://www.nashville.gov/departments/police/news/bicyclist-fatally-injured-collision-pickup-truck-2nd-avenue-north
20260262761,2026-04-28,18:04:00,vehicle,No,Local,Buena Vista Pk,,2400 Buena Vista Pk,-86.825259,36.200046,1,No,2,Robert Johnston,43,,"Robert Johnston, 43, died following a head-on crash Tuesday morning after his Honda Accord crossed into oncoming traffic and struck a Dodge Charger. The 18-year-old driver of the Charger sustained only minor injuries.",Nashville.gov: https://www.nashville.gov/departments/police/news/driver-killed-tuesday-mornings-head-collision-buena-vista-pike
20260253803,2026-04-23,19:00:00,vehicle,No,Interstate,I-24 E,,MM 38,-86.821819,36.308064,1,No,1,Juan Marin-Ramirez,29,,"Juan Marin-Ramirez, 29, was killed Thursday night in a multi-vehicle crash on I-24 East near mile marker 38. The preliminary investigation indicates a BMW 550 had slowed its speed due to entering traffic when it was rear-ended by Marin-Ramirez' Honda.",WKRN: https://www.wkrn.com/news/1-dead-after-crash-on-i-24-near-joelton/; Nashville.gov: https://www.nashville.gov/departments/police/news/driver-killed-thursday-nights-crash-i-24-east
20260245720,2026-04-20,08:45:00,vehicle,No,Local,Una Antioch Pike,Pebble Creek Dr,,-86.663159,36.073943,1,No,32,Terrance D. Whitman,38,,"Terrance D. Whitman, 38, died Monday after his GMC Acadia crossed into oncoming traffic, struck two utility poles, and crashed into a home on Una Antioch Pike. His 36-year-old female passenger remains in critical condition.",Nashville.gov: https://www.nashville.gov/departments/police/news/driver-killed-monday-mornings-crash-una-antioch-pike; WSMV: https://www.wsmv.com/2026/04/21/deadly-crash-into-antioch-home-sparks-calls-road-safety-changes/
20260241695,2026-04-18,01:30:00,bicycle,No,State Route,Harding Pl,Tampa Dr,,-86.710717,36.082671,1,Yes,30,Hershel Trotter,66,,"Hershel Trotter, 66, was killed after being struck from behind while cycling on Harding Place. The driver fled the scene around 1:30 a.m. Investigators found car parts belonging to a 2016-2018 gray Nissan Altima, which might have front-end damage and a broken headlight. The exact location of this crash is unknown.",WSMV: https://www.wsmv.com/2026/04/19/nashville-police-search-driver-fatal-hit-and-run/; Nashville.gov: https://www.nashville.gov/departments/police/news/bicyclist-killed-saturday-morning-hit-and-run-crash-harding-place; Nashville.gov (Updated): https://www.nashville.gov/departments/police/news/bicyclist-killed-saturdays-harding-pike-hit-run-identified
20260235407,2026-04-15,11:51:00,vehicle,Yes,Local,Bull Run Rd,,4509 Bull Run Rd,-86.946712,36.2381,1,No,1,,,,A Northeast bound drive on Bull Run Rd entered the opposing travel lane before exiting the roadway and striking a tree.  Further details aren't known at this time.,
20260299715,2026-04-12,17:22:00,vehicle,No,State Route,Hwy 70,,,-87.035674,36.095654,1,No,35,David Elliott,59,,"David Elliott, 59, was killed Sunday when his truck was struck head-on by William Richards, 48, who overcorrected after drifting off the road. A third truck then rear-ended Elliott’s vehicle. Richards is in critical condition and faces potential charges. Three others sustained various injuries.",WSMV: https://www.wsmv.com/2026/04/13/one-dead-after-three-vehicle-crash-highway-70-nashville-police-say/; Nashville.gov: https://www.nashville.gov/departments/police/news/one-driver-killed-sunday-evenings-three-vehicle-crash-highway-70-south; WSMV (Updated): https://www.wsmv.com/2026/06/19/driver-charged-with-vehicular-homicide-months-after-deadly-crash-nashville-highway-police-say/
20260225745,2026-04-10,15:26:00,motorcycle,No,Local,Bell Rd,Nashboro Blvd,,-86.627486,36.089059,1,No,13,Randall Abernathy Sr.,59,,"Randall Abernathy Sr., 59, died Friday after his Harley collided with a Ford Escape at Nashboro Blvd. The driver, Elizabeth Hernandez, 70, reportedly turned right on red into Abernathy's path. It is unknown if Abernathy was traveling straight in a right turn only lane, or if he had the right of way.",Nashville.gov: https://www.nashville.gov/departments/police/news/motorcyclist-fatally-injured-bell-road-collision
20260222069,2026-04-09,04:17:00,vehicle,Yes,State Route,Murfreesboro Pk,,4020 Murfreesboro Pk,-86.599402,36.036417,1,No,8,,,,A southbound driver on Murfreesboro Pk entered the opposing lanes and then exited the roadway.  Their vehicle hit a ditch and a utility pole.  Further details aren't known at this time.,
Unknown,2026-04-08,00:06:00,vehicle,No,Interstate,I-65 N,,MM 94.8,-86.714405,36.297052,1,No,10,,,,A semi-truck driver died early Wednesday after rear-ending another tractor-trailer on I-65 North near Vietnam Veterans Parkway. The impact sparked a fire that destroyed the truck and its cargo of packages.,WSMV: https://www.wsmv.com/2026/04/08/semi-driver-killed-fiery-crash-with-other-semi-nashville-interstate/
20260216134,2026-04-06,14:30:00,vehicle,No,State Route,Whites Creek Pk,Free Silver Rd,,-86.794855,36.208808,1,No,2,Leeann Julian,47,,"Leeann Julian, 47, was killed Monday in a multi-vehicle crash caused by a speeding Chevrolet Malibu. Julian was stopped for road construction when the Malibu struck her from behind, pinning her car against a box truck. The 27-year-old Malibu driver faces pending charges for reckless driving.",WKRN: https://www.wkrn.com/news/charges-expected-in-deadly-whites-creek-pike-crash-police-say/; WSMV (Updated): https://www.wsmv.com/2026/04/21/woman-was-driving-97-mph-construction-zone-when-she-caused-fatal-nashville-wreck-police-say/
20260213158,2026-04-05,01:57:00,pedestrian,No,State Route,Lafayette St,Fairfield Ave,,-86.757969,36.147313,2,Yes,17,Yulonda Parham; Kanon Oldham,31; 27,; ,"Yulonda Parham, 31, and Kanon Oldham, 27, were both killed early Sunday morning when a driver traveling outbound on Lafayette Street struck both pedestrians.  The male driver pulled over and fled on foot. The female registered owner of the Lexus responded to the scene to aid in the investigation.",WSMV: https://www.wsmv.com/2026/04/06/sweetest-person-you-ever-want-know-loved-ones-share-frustration-over-deadly-hit-and-run-sunday-morning/; Nashville.gov: https://www.nashville.gov/departments/police/news/two-pedestrians-fatally-injured-hit-run-crash-lafayette-street
20260213063,2026-04-05,00:31:00,vehicle,Yes,State Route,Dickerson Pk,,3819 Dickerson Pk,-86.756953,36.264913,1,No,3,Jaylen Breveard,17,,"Jaylen Breveard, 17, died Sunday morning after his Tesla Model 3 struck a concrete pole and overturned in the 3800 block of Dickerson Pike. Breveard lost control around 12:30 a.m., crossing all lanes of traffic. He was wearing a seat belt, and police found no signs of impairment.",WSMV: https://www.wsmv.com/2026/04/05/teen-dies-single-vehicle-rollover-crash-dickerson-pike/; Nashville.gov: https://www.nashville.gov/departments/police/news/driver-fatally-injured-single-vehicle-crash-dickerson-pike
20260210918,2026-04-03,23:19:00,motorcycle,Yes,State Route,Briley Parkway,,MM 28.4,-86.86542,36.159242,1,No,20,Nicholas Anderson,30,,"Nicholas Anderson, 30, died Friday night after losing control of his motorcycle on Briley Parkway. Anderson veered into a ditch while navigating a curve. Police cite excessive speed as a factor. There were no signs of impairment at the scene.",WSMV: https://www.wsmv.com/2026/04/04/motorcyclist-dies-after-losing-control-briley-parkway-curve-mnpd-says/; Nashville.gov: https://www.nashville.gov/departments/police/news/motorcyclist-fatally-injured-friday-night-crash-briley-parkway
20260193661,2026-03-27,06:15:00,pedestrian,No,State Route,Lafayette St,Fairfield Ave,,-86.758018,36.147327,1,Yes,17,Ronnie Wilson,41,,"Ronnie Wilson, 41, died in hospice care following a March 27 hit-and-run. The driver, Tyler Leavy, 27, was arrested after admitting he lied to police about hitting an animal. Leavy’s charges will be upgraded following Wilson's death.",Nashville.gov: https://www.nashville.gov/departments/police/news/pedestrian-critically-injured-hit-and-run-crash-lafayette-street; Nashville.gov (Update): https://www.nashville.gov/departments/police/news/hit-and-run-driver-charged-march-27-crash-lafayette-street
20260178468,2026-03-20,14:30:00,vehicle,No,State Route,Murfreesboro Pk,Nir Shreibman Blvd,,-86.587477,36.025781,1,No,8,Oluwalayomi Fadero,23,,"Ray Padgett, 52, faces homicide charges after killing Oluwalayomi Fadero, 23 of Nashville, while driving a stolen F250 the wrong way on Murfreesboro Pike. Padgett, who has 20 prior felonies, rammed an unmarked police car before the fatal head-on collision. He is hospitalized with non-critical injuries.",WSMV: https://www.wsmv.com/2026/03/20/tn-felon-rams-stolen-truck-into-officers-vehicle-hits-kills-young-woman-nashville-police-say/; WSMV (Update): https://www.wsmv.com/2026/03/23/23-year-old-fisk-university-graduate-killed-by-wrong-way-driver-fleeing-nashville-police/; Nashville.gov (Update): https://www.nashville.gov/departments/police/news/parolee-ray-eugene-padgett-now-jailed-friday-afternoons-fatal-collision-murfreesboro-pike
20260169875,2026-03-16,18:11:00,pedestrian,No,Local,Ewing Dr,Brick Church Pk,,-86.781857,36.231643,1,Yes,3,Clifford Coleman,68,,"Clifford Coleman, 68, died at Skyline Medical Center after being struck by a pickup truck while crossing Ewing Drive by a Dodge Dakota. A witness followed the driver, Beverly Jackson, 66, to their home. Jackson admitted to the crash and now faces upgraded charges following Coleman's death.",Nashville.gov: https://www.nashville.gov/departments/police/news/pedestrian-killed-mondays-hit-and-run-ewing-drive
20260165011,2026-03-14,07:15:00,vehicle,Yes,Interstate,I-40 E,I-440 E,,-86.82487,36.156205,1,No,24,Jayson Braddy,39,,"Jayson Braddy, 39, died Saturday after his Toyota Tundra crashed on the I-440 entrance ramp. Braddy traveling at a high speed when he failed to make a curve, causing the truck to roll. He was not wearing a seatbelt. Police are investigating to determine if impairment played a role in the crash.",WSMV: https://www.wsmv.com/2026/03/14/man-killed-rollover-crash-i-40-nashville/; Nashville.gov: https://www.nashville.gov/departments/police/news/man-fatally-injured-saturdays-single-vehicle-crash-i-40-east
20260159375,2026-03-11,19:35:00,pedestrian,No,Interstate,I-24,65-S,,-86.776548,36.191065,1,No,2,James Jesse Box,49,,"James Jesse Box, 49 of Nashville, was killed on Wednesday while crossing the I-24/I-65 ramp. A driver in a Mitsubishi struck him at approximately 7:35 p.m. during heavy rain. The driver stopped immediately and showed no signs of impairment.",WSMV: https://www.wsmv.com/2026/03/12/pedestrian-fatally-struck-by-car-ramp-nashville-interstate/
Unknown,2026-03-08,20:30:00,vehicle,No,Interstate,I-24 W,MM 54.6,,-86.710844,36.099642,2,No,28,,,,Two people died Sunday night following a high-speed chase on I-24 W near Harding Place. The incident began when TN Highway Patrol troopers attempted a stop and the driver fled. The ensuing pursuit ended in a fatal wreck that closed the interstate for several hours for reconstruction and cleanup.,WSMV: https://www.wsmv.com/2026/03/09/2-dead-after-thp-pursuit-ends-crash-i-24-south-nashville/
20260144651,2026-03-05,10:54:00,vehicle,No,Interstate,I-40 E,,MM 192,-87.020182,36.076923,1,No,35,,,,"Driver A was traveling eastbound on I-40 E before they struck the read end of Vehicle B, which had stopped due to traffic.  Further details are currently unknown.",
20260142578,2026-03-04,13:26:00,motorcycle,No,State Route,Old Hickory Blvd,Stone Brook Dr,,-86.779464,36.040966,1,No,26,Andrew E. Emerson,28,,"Andrew E. Emerson, 28, died after his Harley Davidson struck a stopped pickup truck in traffic on Old Hickory Blvd. Witnesses say Emerson bypassed traffic on a sidewalk, swerved into oncoming lanes, and then rear-ended the truck. Emerson was not wearing a helmet. The truck driver was uninjured.",Nashville.gov: https://www.nashville.gov/departments/police/news/motorcyclist-fatally-injured-old-hickory-boulevard-collision
20260137926,2026-03-02,14:04:00,pedestrian,No,State Route,Gallatin Pk,E Palestine Ave,,-86.719269,36.249508,1,No,7,Naomi Mangrum,76,,"Naomi Mangrum, 76, died after being struck by a Honda HR-V while crossing Gallatin Pike in her wheelchair. Mangrum had the walk signal when the driver turned left into her. The driver admitted to looking at her GPS just before the impact and was charged with failure to yield the right of way.",Nashville.gov: https://www.nashville.gov/departments/police/news/woman-fatally-struck-while-crossing-gallatin-pike-wheelchair-monday-afternoon
20260136993,2026-03-02,06:04:00,pedestrian,No,State Route,W Trinity Ln,,234 W Trinity Ln,-86.779083,36.206651,1,No,2,Tom Nunnery,77,,"Tom Nunnery, 77, died Sunday from injuries sustained in a March 2 crash on W. Trinity Lane. Nunnery was crossing the road around 6 a.m. when he was struck by a Nissan Altima. The 23-year-old driver remained at the scene and assisted him. No impairment was reported.",Nashville.gov: https://www.nashville.gov/departments/police/news/pedestrian-struck-march-2-crash-west-trinity-lane-died-sunday
2026016588,2026-03-02,00:02:00,vehicle,No,State Route,Robinson Rd,,835 Robinson Rd,-86.665809,36.26703,1,No,11,Carrie McManama,65,,"Carrie McManama, 65, died at the scene Monday after her Chevy Malibu struck a semi head-on in the 800 block of Robinson Road. McManama was traveling the wrong way in the northbound lane. A toxicology for McManama is pending.",Nashville.gov: https://www.nashville.gov/departments/police/news/woman-fatally-injured-two-vehicle-collision-robinson-road
2026134987,2026-03-01,04:33:00,pedestrian,No,Interstate,I-40 W,Mile Marker 212,,-86.74423,36.147522,1,No,15,Darius Woods,29,,"Darius Woods, 29, died after being struck by an Acura MDX on I-40 West. Woods was standing in the left lane inspecting his disabled Dodge Journey after an initial crash. He succumbed to his injuries at VUMC. The Acura driver was hospitalized in critical condition.",Nashville.gov: https://www.nashville.gov/departments/police/news/man-fatally-injured-sunday-mornings-crash-i-40-west; WSMV (Updated): https://www.wsmv.com/2026/03/05/every-room-he-walked-into-he-brought-light-family-mourns-marine-reservist-killed-i-40/
20260134142,2026-02-28,19:27:00,pedestrian,No,Local,Gallatin Pk,Virginia Ave,,-86.726904,36.220713,1,No,7,Rex Heaton,71,,"Rex Heaton, 71, of Nashville, died after being hit by a a Hyundai Sonata on Gallatin Pike in East Nashville.  The pedestrian was taken to Vanderbilt University Medical Center where he died.  There was no evidence of impairment on behalf of the driver or the pedestrian at the scene.",WSMV: https://www.wsmv.com/2026/03/01/pedestrian-dies-after-crash-gallatin-pike-east-nashville/; Nashville.gov: https://www.nashville.gov/departments/police/news/pedestrian-fatally-injured-gallatin-pike
20260134037,2026-02-28,18:05:00,motorcycle,No,State Route,Highway 100,Edwin Warner Park,,-86.910966,36.061247,1,No,34,Colby Chase,22,,"Colby Chase, 22, has died following a Saturday evening collision near Edwin Warner Park. Chase was riding his Suzuki GSX when he struck a BMW SUV turning left out of the park. A second motorcyclist avoided the crash with minor injuries; BMW occupants were unhurt. The investigation is ongoing.",Nashville.gov: https://www.nashville.gov/departments/police/news/motorcyclist-fatally-injured-saturdays-collision-highway-100
20260116183,2026-02-20,19:30:00,pedestrian,No,Local,Antioch Pk,,328 Antioch Pk,-86.739778,36.101755,1,Yes,16,Jerry Robinson,77,,"Metro Police are searching for the driver of a silver sedan that struck and killed Jerry Robinson, 77, in a crosswalk Friday night.  Robinson was hit in the 300 block of Antioch Pike around 7:30 p.m. while crossing from south to north.  The driver fled the scene.",WSMV: https://www.wsmv.com/2026/02/21/hit-and-run-driver-kills-81-year-old-nashville-crosswalk-police-say/
20260094951,2026-02-11,17:30:00,motorcycle,No,State Route,Murfreesboro Pk,Summercrest Blvd,,-86.614784,36.050425,1,No,32,Brent Rager II,18,,"Brent Rager II, 18, died on impact after his Kawasaki motorcycle ran a red light and struck an Infiniti SUV at Murfreesboro Pike and Summercrest Blvd.  Rager was observed speeding.  Video shows the SUV driver had a green light.  No impairment was detected for either driver.",Nashville.gov: https://www.nashville.gov/departments/police/news/motorcyclist-fatally-injured-collision
20260089396,2026-02-09,11:48:00,motorcycle,No,State Route,Old Hickory Blvd,N Graycroft Ave,,-86.732269,36.264494,1,No,3,,,,"A motorcyclist died after a Feb. 9 crash at Old Hickory Blvd and N Graycroft Ave. Witnesses say the rider was lane-splitting and ran a red light before striking a Nissan Altima turning left from N Graycroft. Originally hospitalized with life-threatening injuries, the motorcyclist has since passed.",WSMV: https://www.wsmv.com/2026/02/09/motorcyclist-left-with-life-threatening-injuries-after-crashing-into-car-police-say/
20260068224,2026-01-31,17:07:00,vehicle,No,Local,Elm Hill Pk,Ermac Dr,,-86.686757,36.153293,1,No,15,David Lagrone,48,,"David Lagrone, 48, died Thursday from injuries sustained in a Saturday crash. Lagrone turned his Mazda M3 in front of an oncoming Chevy Impala, causing the Chevy to flip into a creek. The Chevy's occupants were treated and released; police found no evidence of impairment.",Nashville.gov: https://www.nashville.gov/departments/police/news/driver-dies-following-last-saturdays-crash-elm-hill-pike; Nashville.gov (updated): https://www.nashville.gov/departments/police/news/driver-charged-vehicular-homicide-following-january-fatal-crash
20260044741,2026-01-21,19:55:00,vehicle,Yes,State Route,Clarksville Pk,Ed Temple Blvd,,-86.821777,36.187966,1,No,21,Samantha Brady,29,,"Samantha Brady, 29, was traveling was traveling southbound on Clarksville Pike in a Nissan Altima when it appears she failed to negotiate a right turn at a high rate of speed.  Her vehicle left the right turn slip lane, hitting the intersection's signal mast in the pedestrian refuge island.",Nashville.gov: https://www.nashville.gov/departments/police/news/driver-killed-single-vehicle-crash-clarksville-pike-wednesday-night
20260033973,2026-01-16,22:00:00,vehicle,Yes,Local,Haywood Ln,I-24 E,,-86.689587,36.069167,1,No,30,Darling Perez-Rios,43,,"Darling Perez-Rios, 43, died after losing control of his Ford Explorer while exiting I-24 East at Haywood Lane. He struck a center wall, swerved, and flipped onto the driver's side. Perez-Rios was not wearing a seatbelt. Toxicology tests will determine if impairment was a factor.",Nashville.gov: https://www.nashville.gov/departments/police/news/man-fatally-injured-single-vehicle-crash-haywood-lane
20260031853,2026-01-16,02:00:00,vehicle,No,State Route,Old Hickory Blvd,Zermatt Ave,,-86.719771,36.045548,1,No,4,Markeith Miller,42,,"Markeith Miller, 42, died in a two-vehicle crash around 2 a.m. on Old Hickory Blvd near Zermatt Ave. One vehicle struck a utility pole, and the victim was found deceased at the scene. Investigators are currently checking if impairment played a role in the collision.  Further information is pending.",WSMV: https://www.wsmv.com/2026/01/16/metro-nashville-police-investigating-deadly-early-morning-crash/; WKRN.com: https://www.wkrn.com/news/local-news/nashville/nashville-man-accused-of-topping-100-mph-in-deadly-crash/
20260008407,2026-01-05,17:45:00,vehicle,No,Local,Una Antioch Pike,Piccadilly Row,,-86.657894,36.077478,1,No,28,Pamela Cruz,26,,"Pamela Cruz, 26, died after her Toyota Corolla was struck by a westbound, speeding Mercedes C300 while she was turning left onto Piccadilly Row. The impact pushed her car into a Nissan Altima. Both other drivers had non-life-threatening injuries. There was no evidence of impairment at the scene.",Nashville.gov: https://www.nashville.gov/departments/police/news/driver-killed-monday-night-crash-una-antioch-pike; Nashville.gov (Updated): https://www.nashville.gov/departments/police/news/man-charged-vehicular-homicide-intoxication-1
20260006565,2026-01-04,19:12:00,vehicle,Yes,State Route,Lebanon Pk,,3001 Lebanon Pk,-86.648523,36.172991,1,No,14,Anthony Barrett,54,,"Anthony Barrett, 54, died after his Chevy Silverado left Lebanon Pike and struck two trees Sunday evening. He was taken to Vanderbilt, where he passed away. Investigators are awaiting toxicology results to determine if impairment played a role.",Nashville.gov: https://www.nashville.gov/departments/police/news/driver-killed-sundays-single-vehicle-crash-lebanon-pike
20260005593,2026-01-04,02:30:00,pedestrian,No,Interstate,I-65 N,Rosa Parks Blvd,MM 85,-86.797815,36.184471,1,No,19,Brett Davis,44,,"Brett Davis, 44, was killed by a vehicle in the northbound lanes of I-65 near Rosa L Parks Blvd around 2:30 a.m.  MNPD reported he was sitting in the middle of the road when he was struck by a Hyundai Sonata. The Hyundai driver immediately stopped their vehicle and remained at the scene to speak with investigators.",WKRN: https://www.wkrn.com/news/local-news/nashville/pedestrian-dead-after-crash-on-i-65-in-nashville/; Nashville.gov: https://www.nashville.gov/departments/police/news/pedestrian-fatally-struck-sunday-morning-i-65-north; WSMV (Updated): https://www.wsmv.com/2026/01/07/police-identify-man-hit-killed-i-65-nashville/
20260000174,2026-01-01,01:30:00,pedestrian,No,State Route,Nolensville Pk,I-440,,-86.750154,36.121118,1,Yes,16,,,,"A male pedestrian died after being struck early New Year's Day on Nolensville Pike near the I-440 East entrance. Found at 1:30 a.m. by another pedestrian, he was taken to Vanderbilt where he passed away. Police have no vehicle description yet and the victim remains unidentified.",WSMV: https://www.wsmv.com/2026/01/01/pedestrian-dies-new-years-day-after-hit-and-run-near-interstate-ramp-nashville/
20260000179,2026-01-01,01:29:00,pedestrian,No,State Route,Hermitage Ave,,237 Hermitage Ave,-86.755313,36.153692,1,Yes,15,Afriye Seegars,23,,"Afriye Seegars, 23, was killed and a 24-year-old man critically injured while waiting for a rideshare outside Pecker’s Bar on Hermitage Ave. A speeding red/maroon car (possibly a Ford Mustang) struck them on the sidewalk around 1:30 a.m. Thursday and fled the scene.",WKRN: https://www.wkrn.com/news/local-news/nashville/hermitage-ave-hit-and-run/; Nashville.gov: https://www.nashville.gov/departments/police/news/hit-and-run-driver-fatally-injures-woman-and-critically-injures-man-outside-hermitage-avenue-bar
20250772551,2025-12-26,17:40:00,pedestrian,No,State Route,Bell Rd,Rice Rd,,-86.637525,36.063115,1,No,32,Kira Phillips,20,,"Kira Phillips, 20 from Nashville, died Friday after being struck by two cars on Bell Road.  She was hit by the driver of a northbound Nissan Versa who was turning left onto Rice Road, throwing her into traffic where a second car struck her. Both drivers stayed and no impairment was found.",WSMV: https://www.wsmv.com/2025/12/27/nashville-woman-killed-after-being-hit-by-2-cars-bell-road/; Nashville.gov: https://www.nashville.gov/departments/police/news/pedestrian-fatally-injured-bell-road
20250754307,2025-12-16,15:35:00,vehicle,Yes,Local,Old Hickory Blvd,Whittemore Ln,,-86.65328,36.002045,1,No,33,John Doe,11,,"Elizabeth Sanchez, 49, faces vehicular homicide and child endangerment charges after a DUI crash killed her 11-year-old son. She drove into a ditch without braking, admitted to drinking, and will be arrested upon her hospital discharge.",Nashville.gov: https://www.nashville.gov/departments/police/news/woman-faces-vehicular-homicide-intoxication-and-child-endangerment-charges; WKRN (updated): https://www.wkrn.com/news/local-news/nashville/mother-arrested-after-child-killed-in-december-cane-ridge-crash/
20250753218,2025-12-16,05:49:00,pedestrian,No,Local,Haywood Ln,,197 Haywood Ln,-86.693581,36.069512,1,No,30,,,,An eastbound driver struck and killed a pedestrian crossing at 197 Haywood Lane. This is the third pedestrian fatality on Haywood Lane in 2025.,
20250742393,2025-12-10,23:15:00,bicycle,No,State Route,Nolensville Pk,Burkitt Rd,,-86.683002,35.990714,1,Yes,33,Blaise Schaeffer,31,,"Blaise Schaeffer, 31, of Nolensville, was killed on Nolensville Pk just before Burkitt Rd while riding their bike.  The driver was speeding when they hit and ran before losing control and crashing on the shoulder of the road.  The driver and passenger exited their vehicle and fled on foot.  The passenger was detained at a nearby Taco Bell.",WSMV: https://www.wsmv.com/video/2025/12/11/bicyclist-killed-hit-and-run-brentwood/; Nashville.gov: https://www.nashville.gov/departments/police/news/fatal-crash-claims-nolensville-man; WKRN (Update): https://www.wkrn.com/news/local-news/nolensville-police-searching-for-man-wanted-for-deadly-hit-and-run-crash/; Nashville.gov (Update): https://www.nashville.gov/departments/police/news/mnpd-working-locate-fatal-hit-and-run-driver-december-10-crash-nolensville-pike
20250737695,2025-12-08,23:58:00,vehicle,Yes,Interstate,I-24 W,,Exit 50A,-86.76042,36.158127,1,No,15,Bolton James Harry-Algeo,31,,"Semi-truck driver Bolton James Harry-Algeo, 31, of Barron, WI, died in an I-24 West crash near the I-40 split late Monday. Traffic slowed, he braked abruptly, causing steel beams on the trailer to shift forward and crush the cab.",Nashville.gov: https://www.nashville.gov/departments/police/news/semi-truck-driver-killed-overnight-crash-i-24-west
20250734799,2025-12-07,18:30:00,pedestrian,No,Local,Haywood Ln,I-24,,-86.686197,36.069813,1,No,28,James Byrnes,64,,"James Byrnes, 64-year-old of Nashville, was killed Sunday at 6:30 p.m. crossing Haywood Lane, struck by eastbound Nissan Altima. The 21-year-old driver stopped and returned to the scene; he showed no impairment.  Our GPS location of the crash is approximate; details aren't clear.",Nashville.gov: https://www.nashville.gov/departments/police/news/pedestrian-fatally-injured-haywood-lane
20250734764,2025-12-07,18:10:00,pedestrian,No,Local,Brick Church Pike,Avondale Cir,,-86.778104,36.20942,1,No,2,,,,"A pedestrian was struck and killed by a southbound driver on Brick Church Pk near Avondale Circle.  The police report states it was not a hit and run, but further details aren't known.",
20250733677,2025-12-07,01:45:00,vehicle,Yes,Interstate,I-40 W,I-65 N,,-86.7977,36.170343,1,No,19,Raymond Floyd,58,,"Raymond Floyd, 58, died in a single-vehicle crash on I-40 West Sunday at 1:45 a.m. His Cadillac left the road, hitting a light pole and culvert. No impairment was suspected.",Nashville.gov: https://www.nashville.gov/departments/police/news/driver-killed-single-vehicle-crash-sunday-i-40-west
20250719161,2025-11-30,12:08:00,vehicle,No,Interstate,I-40 W,Briley Pkwy,,-86.695705,36.14452,1,No,15,Aniceto Trujillo,65,,"Aniceto Trujillo, 65, of Denair, California died after his truck rolled over on I-40 West near Briley Pkwy. A Toyota Corolla driver entering I-40 failed to negotiate the turn, drove into the side of the semi, and caused the rollover. The Corolla driver suffered non-life-threatening injuries.",WKRN: https://www.wkrn.com/news/local-news/nashville/i-40-closed-near-briley-parkway/; Nashville.gov: https://www.nashville.gov/departments/police/news/semi-driver-fatally-injured-2-vehicle-collision-i-40-west
20250718703,2025-11-30,03:21:00,vehicle,No,Interstate,I-24 E,,MM 62.6,-86.620122,36.013889,2,Yes,33,Queen Umuhoza; Francine Nyanduhura,19; 22,; ,"Two passengers, Queen Umuhoza (19) and Francine Nyanduhura (22), were killed in a multi-vehicle hit-and-run crash on I-24 East near MM 62. A speeding red Lincoln Navigator hit a stopped Toyota Sienna, causing a chain reaction. The Navigator's driver fled on foot. Police are seeking the driver.",WKRN: https://www.wkrn.com/news/local-news/i-24-crash-rutherford-ohb/; Nashville.gov: https://www.nashville.gov/departments/police/news/investigation-underway-following-sundays-multi-vehicle-fatal-hit-run-crash-i-24-east
20250718028,2025-11-29,19:02:00,pedestrian,No,Local,Brick Church Pike,Masonwood Dr,,-86.780454,36.242817,1,Yes,3,,,,"A female pedestrian was fatally hit by two vehicles on Brick Church Pike. A 17-year-old driver who fled was later arrested. A second driver, who initially thought he hit a pothole/mattress, found the victim under his car miles away.",WKRN: https://www.wkrn.com/news/local-news/nashville/womans-body-dragged-after-crash-on-brick-church-pike/; Nashville.gov: https://www.nashville.gov/departments/police/news/female-pedestrian-fatally-struck-brick-church-pike-saturday-night
20250684924,2025-11-13,18:08:00,pedestrian,No,Interstate,I-24 W,,MM 42.8,-86.784078,36.245805,1,Yes,3,,,,"A 72-year-old Hopkinsville, KY man was killed walking on I-24 West (MM 42.8) after his car broke down; he was trying to find a mile marker for a wrecker. He was struck by vehicles, and no drivers remained at the scene. Police are asking for witnesses or involved drivers to contact them.",Nashville.gov: https://www.nashville.gov/departments/police/news/pedestrian-fatally-injured-i-24-west
20250684325,2025-11-13,13:44:00,vehicle,No,Interstate,I-24 W,,MM 54.0,-86.719953,36.107756,1,No,16,John Love,70,,"John Love, 70, of Fairview, died in a three-vehicle crash on I-24 near Briley Pkwy. His Dodge Caravan maneuvered from the right exit lane, struck a Ram 3500, then crossed I-24 and was hit broadside by a Ford F-550. No one else was seriously hurt; no impairment was found.",Nashville.gov: https://www.nashville.gov/departments/police/news/man-fatally-injured-3-vehicle-collision-i-24-near-briley-parkway
20250673384,2025-11-08,13:00:00,vehicle,No,State Route,Clarksville Pk,Bobel Lane,,-86.859584,36.268487,1,No,1,Dustin McLeod,41,,"Dustin McLeod, 41, of Smithville, was killed in a head-on crash on Clarksville Pike. A southbound pickup truck swerved into oncoming traffic to bypass a turning vehicle and struck McLeod’s northbound Jeep. McLeod died at the hospital; the 65-year-old pickup driver is in critical condition.",Nashville.gov: https://www.nashville.gov/departments/police/news/man-fatally-injured-saturdays-two-vehicle-collision-clarksville-pike; WSMV: https://www.wsmv.com/2025/11/09/man-killed-another-critically-injured-two-vehicle-head-on-crash-nashville/; WKRN (Update): https://www.wkrn.com/news/local-news/nashville/smithville-family-tragedy-error/; Nashville.gov (Update): https://www.nashville.gov/departments/police/news/driver-charged-november-2025-fatal-crash-clarksville-pike
20250669638,2025-11-06,16:25:00,motorcycle,No,State Route,Dickerson Pk,Lorraine Ave,,-86.76318,36.217384,1,No,5,Brennan Strain,29,,"Motorcyclist Brennan Strain (29) died after his Harley Davidson, traveling northbound on Dickerson Pike, struck the passenger side of a van that pulled into his path. The van then hit a stopped truck. No impairment was found; police are investigating if speed was a factor.",Nashville.gov: https://www.nashville.gov/departments/police/news/motorcyclist-fatally-struck-thursday-dickerson-pike
20250668919,2025-11-06,09:15:00,vehicle; motorcycle,No,Local,Trousdale Dr,Briarwood Drive,,-86.758777,36.077869,2,No,26,Nicholas Moralas Gomez; Dale Clay,22; 37,; ,"A 9:15 a.m. crash on Thursday, at Trousdale and Briarwood Drive, killed two: Nicholas Moralas Gomez (22), the motorcyclist with the right of way, and pickup driver Dale Clay (37). The motorcycle struck the truck's driver's door as the truck turned. Speed is being investigated as a factor.",Nashville.gov: https://www.nashville.gov/departments/police/news/motorcyclist-and-pickup-driver-fatally-injured-2-vehicle-collision
20250667276,2025-11-05,13:13:00,vehicle,No,Local,Dr DB Todd Jr. Blvd,17th Ave N,,-86.810688,36.179263,1,No,21,,,,"Details of this crash are currently unknown.  This is the third fatal crash on Dr DB Todd Jr Blvd in the past three months, and the second at this intersection.",
20250665899,2025-11-04,21:54:00,pedestrian,No,State Route,Lafayette St,Fairfield Ave,,-86.758049,36.147374,1,No,17,John Doe,62,,A 62-year-old Nashville man was killed Tuesday night after being hit by an eastbound Toyota Camry on Lafayette St near Fairfield Ave. The pedestrian was crossing outside a crosswalk. The motorist reported they were unable to avoid the collision; no charges were filed.,Nashville.gov: https://www.nashville.gov/departments/police/news/pedestrian-fatally-injured-after-being-struck-car-lafayette-street
20250661367,2025-11-02,16:34:00,vehicle,Yes,State Route,4th Ave S,Rains Ave,,-86.763621,36.140188,1,No,17,Jared Sherrell,35,,"Jared Sherrell, 35, died after his car, reportedly speeding and weaving, left the road on 4th Ave S at Rains Ave and struck a pole. No impairment was evident.",Nashville.gov: https://www.nashville.gov/departments/police/news/man-killed-single-vehicle-crash-4th-avenue-south
20250646062,2025-10-26,00:45:00,vehicle,No,Local,Mt View Road,Asheford Trace,,-86.629786,36.043962,4,No,32,Maximos Ibrahim; Raafat Nassif; David Fakhory; Kerlos Toma,19; 17; 19; 17,; ; ; ,"A 2-vehicle crash on Mt. View Rd. killed four teenagers early Sunday: Maximos Ibrahim (19), Raafat Nassif (17), David Fakhory (19), & Kerlos Toma (17). Evidence indicates their southbound Infiniti was partially in the northbound lane and travelling at a high speed. No one involved wore seatbelts.",WKRN: https://www.wkrn.com/news/local-news/nashville/3-teens-dead-after-crash-on-mt-view-road-metro-police-say/
20250151272,2025-10-24,20:02:00,vehicle,No,State Route,Long Hollow Pk,I-65 S Ramp,,-86.70582,36.323615,1,No,10,,,,A driver attempting a left turn on Long Hollow Pk from the I-65 South exit ramp stuck the passenger side of another vehicle.  No further details are known at this time.,WSMV: https://www.wsmv.com/2025/12/16/woman-wanted-tn-deadly-crash-arrested-oklahoma-police-say/
20250643277,2025-10-24,13:15:00,vehicle,No,State Route,Old Hickory Blvd,Southfork Blvd,,-86.624881,36.220866,1,No,11,Bart Burton,67,,"67-year-old Bart Burton died after his Camry crossed into oncoming traffic, sideswiped a truck, and overturned on Old Hickory Blvd. The truck's driver had minor injuries.  None of the drivers involved showed signs of impairment, but witnesses noted the Camry was driving at high speeds.",WKRN: https://www.wkrn.com/news/local-news/nashville/nashville-man-dead-after-crash-in-old-hickory/; Nashville.gov: https://www.nashville.gov/departments/police/news/two-vehicle-collision-claims-nashville-man
20250633093,2025-10-20,02:43:00,vehicle,No,Local,Tulip Grove Road,Chandler Road,,-86.59204,36.19974,1,No,11,Ritaben Patel,63,,63-year-old Ritaben Patel was killed in a two-vehicle crash at Tulip Grove and Chandler Rd early Monday. Patel was a passenger in a Mazda struck by a Dodge Ram. Both drivers claimed to have the green light; police are investigating. No impairment was found.,Nashville.gov: https://www.nashville.gov/departments/police/news/passenger-killed-monday-morning-crash-tulip-grove-road
20250631183,2025-10-18,23:55:00,vehicle,No,State Route,Gallatin Pk N,Anderson Ln,,-86.71001,36.27344,1,No,9,,,,A southbound vehicle on Gallatin Pk N was attempting a left turn onto Anderson Rd when they collided with a northbound vehicle inside the intersection.  This crash was initially life threatening and has become fatal.  Additional details are unknown at this time.,
20250630612,2025-10-18,17:10:00,motorcycle,Yes,Local,Lickton Pk,,5845 Lickton Pk,-86.776902,36.336519,1,No,10,,,,"A northbound motorcyclist on Lickton Pk left the roadway onto the right shoulder, struck a culvert and flipped.  Further details aren't known at this time.",
20250629003,2025-10-17,19:25:00,pedestrian,No,Local,Old Hickory Blvd,,629 Old Hickory Blvd,-86.922495,36.109524,1,Yes,23,Robert Powell,63,,"Robert Powell (63, of Arizona) was found injured at Old Hickory Blvd and Rocky Lane around 7:25 p.m. Initially thought to be a fall, medics determined his injuries were consistent with being struck by a vehicle. Powell later died at the hospital. Police are searching for a SUV or pickup truck.",WSMV: https://www.wsmv.com/2025/10/18/vehicle-sought-deadly-hit-and-run-bellevue/
20250627955,2025-10-17,07:28:00,motorcycle,Yes,State Route,Hobson Pk,,1629 Hobson Pk,-86.6108,36.03727,1,No,32,Kei’vontae Dobson,,,"Motorcyclist Kei’vontae Dobson died after losing control of his Harley-Davidson and crashing on Hobson Pike near Wilder Drive.  Witnesses saw the motorcycle wobbling. Dobson was wearing a helmet, and speed and impairment are not believed to be factors.",WSMV: https://www.wsmv.com/2025/10/17/motorcyclist-sustains-life-threatening-injuries-antioch-crash/
325118610,2025-10-14,01:05:00,pedestrian,No,Interstate,I-24 W,,MM 33.6,-86.886601,36.326835,1,No,1,,,,One person was killed in a deadly crash involving a garbage truck and a tractor-trailer on I-24 West near Joelton at mile marker 33.6.  Further details aren't known at this time.,WKRN: https://www.wkrn.com/news/local-news/nashville/1-dead-after-crash-involving-garbage-truck-on-i-24-in-joelton/
20250620510,2025-10-13,17:58:00,pedestrian,No,State Route,Bell Rd,Cane Ridge Rd,,-86.661677,36.04482,1,No,33,,,,A pedestrian was killed crossing Bell Rd northbound at Cane Ridge Rd when they were struck by a driver attempting a left turn onto Bell Rd from Cane Ridge.,
20250619059,2025-10-12,23:40:00,motorcycle,No,Interstate,I-40 W,,,-86.889927,36.138271,1,No,20,Christian Jordan,19,,"Christian Jordan, 19, of Nashville, was killed in a high-speed motorcycle crash on I-40 West near White Bridge Pike around 11:30 p.m. Sunday. The preliminary investigation suggests his BMW motorcycle entered a high-speed wobble and he was thrown off.",WKRN: https://www.wkrn.com/news/local-news/nashville/deadly-crash-closes-i-40-in-west-nashville-for-hours/
20250613175,2025-10-09,21:02:00,motorcycle,No,State Route,Trinity Ln,Scruggs Ln,,-86.781119,36.206799,1,No,2,Elliot Carter,31,,"Elliot Carter, 31, was killed Thursday at 9 p.m. in a collision on Trinity Lane near Scruggs Lane. Carter's motorcycle, which was traveling at an extremely high rate of speed, struck the passenger side of a Mazda as the car was making a left turn into a parking lot.",Nashville.gov: https://www.nashville.gov/departments/police/news/collision-trinity-lane-claims-motorcyclist
20250608720,2025-10-07,22:36:00,pedestrian,No,Local,Dr DB Todd Jr Blvd,Osage St,,-86.809777,36.177044,1,Yes,21,Mack Tyrone Cosby,50,,"Mack Tyrone Cosby, 50, of Nashville, was killed in a fatal hit-and-run around 10:35 p.m. Tuesday on Dr. D.B. Todd Jr. Blvd near Osage St. in North Nashville. Police are searching for the driver of a dark SUV that hit the man while he was walking on the east side of the street and then fled.",WKRN: https://www.wkrn.com/news/local-news/nashville/1-dead-after-hit-and-run-in-north-nashville-police-say/; Nashville.gov: https://www.nashville.gov/departments/police/news/investigators-working-identify-driver-involved-tuesday-nights-fatal-hit-and-run
20250600141,2025-10-03,10:49:00,vehicle,No,State Route,W Old Hickory Blvd,Ronnie Rd,,-86.726683,36.264166,1,No,3,,,,An Eastbound driver on Old Hickory Blvd was in the center turn lane to turn onto Ronnie Rd.  They were struck by a westbound vehicle in an offset head-on collision.,
20250596481,2025-10-01,20:34:00,pedestrian,No,State Route,Dickerson Pk,Ewing Dr,,-86.759281,36.229217,1,No,5,Patricia Owens,64,,"Patricia Owens (64), was fatally struck by a WeGo bus while crossing Dickerson Pike near Ewing Drive Wednesday at 8:30 p.m. A second pedestrian sustained non-life-threatening injuries. The bus driver attempted to swerve but hit the two people.",Nashville.gov: https://www.nashville.gov/departments/police/news/collision-dickerson-pike-critically-injures-pedestrian
325112958,2025-10-01,02:00:00,vehicle,No,Interstate,I-24 E,,MM 63,-86.613626,36.008073,1,No,33,Hector Rodriguez Banuelos,,,"I-24 E near the Davidson/Rutherford County line was shut down early Wednesday after a deadly crash involving an unoccupied semi, a Chevy Silverado, and a tractor-trailer around 2 a.m. The Silverado driver, Hector Rodriguez Banuelos, was killed after hitting the semi, which was blocking lanes.",WSMV: https://www.wsmv.com/2025/10/01/deadly-crash-shuts-down-interstate-near-davidson-county-line/
20250562879,2025-09-16,20:10:00,pedestrian,No,Local,Dr DB Todd Jr Blvd,,1755 Dr DB Todd Jr Blvd,-86.810724,36.179371,1,Yes,21,Jerry Crutcher,67,,"Jerry Crutcher, 67, was struck by a black Jeep on Dr. D.B. Todd Jr. Boulevard.  Crutcher died in a hospital shortly after. Police said Crutcher was lying in the middle of the road at the time of the crash.",Nashville.gov: https://www.nashville.gov/departments/police/news/investigators-working-identify-jeep-driver-involved-tuesdays-fatal-hit-and-run-crash; WSMV: https://www.wsmv.com/2025/09/19/after-days-long-search-nashville-man-turns-himself-police-fatal-hit-and-run/
20250561600,2025-09-16,07:30:00,vehicle,No,Local,Broadmoor Dr,Saunder Ave,,-86.732496,36.229741,1,No,7,Jane Doe,,,Driver A was eastbound on Broadmoor when they ran the all-way stop sign and struck vehicle B in the intersection with Saunders Ave.  Driver B was pregnant at the time and ended up losing the child as a result of the crash.,
20250561332,2025-09-16,03:58:00,vehicle,No,Local,Bell Rd,Ned Shelton Rd,2901 Bell Rd,-86.629815,36.107162,1,No,13,Kyree Hollins,26,,"Kyree Hollins, 26, of Antioch, died following Tuesday’s 4 a.m. head-on crash with a GMC Terrain on Bell Road at Ned Shelton Road. The preliminary investigation indicates Hollins' southbound Rogue crossed over the double yellow line where it collided with the northbound Terrain.",WKRN: https://www.wkrn.com/news/1-dead-following-crash-at-bell-road-intersection-police-say/; Nashville.gov: https://www.nashville.gov/departments/police/news/driver-killed-head-crash-tuesday-morning-bell-road
20250558869,2025-09-14,22:40:00,motorcycle,No,Local,4th Ave S,Korean Veterans Blvd,,-86.774544,36.15704,1,No,19,Kaden Chapman,23,,"A motorcyclist, Kaden Chapman, 23, died after a crash with a Toyota Yaris on Korean Veterans Boulevard at 4th Ave S. The Yaris driver, 22, was cited for failing to yield after turning in front of Chapman's motorcycle, causing the fatal collision.",Nashville.gov: https://www.nashville.gov/departments/police/news/motorcyclist-fatally-injured-following-sunday-nights-crash-korean-veterans-boulevard
20250557996,2025-09-14,12:35:00,motorcycle,No,State Route,Gallatin Pk S,,903 Gallatin Pk S,-86.717254,36.252432,1,No,7,C.W. Smith,36,,"A 36-year-old motorcyclist, C.W. Smith, died after hitting a Toyota Rav4 on Gallatin Pike South. The Toyota was turning into a parking lot when the crash occurred. Smith was transported to the hospital where he later died. ",Nashville.gov: https://www.nashville.gov/departments/police/news/motorcyclist-killed-following-sunday-afternoons-crash-gallatin-pike-south
20250556234,2025-09-13,12:51:00,motorcycle,No,State Route,Old Hickory Blvd,High Lea Rd,,-86.818475,36.040721,1,No,34,Cheathan Babu,15,,"A 15-year-old Brentwood teen, Cheathan Babu, died after a crash on Old Hickory Boulevard. Police said he was on an electric motorcycle, traveling at high speeds on the sidewalk before losing control and hitting a fire hydrant.",WKRN: https://www.wkrn.com/news/local-news/nashville/brentwood-teen-killed-ohb-motorcycle-crash/; Nashville.gov: https://www.nashville.gov/departments/police/news/teen-killed-after-crash-electric-motorcycle-saturday-old-hickory-boulevard
20250554970,2025-09-12,20:30:00,motorcycle,No,Interstate,I-24 E,Haywood Ln,MM 57.2,-86.687429,36.067279,2,No,30,Terrell Robins Jr.; Armando Zavala,; ,; ,"Terrell Robins Jr. of Elizabethtown, KY, struck the rear of a Nissan Versa on his motorcycle. The impact caused the Versa's driver to lose control and hit a second motorcycle, a Honda.  Robins was transported to VUMC, where he died. The second motorcyclist, Armando Zavala, has also died as a result of his injuries.",News Channel 5: https://www.newschannel5.com/news/state/tennessee/davidson-county/multi-vehicle-crash-shuts-down-i-24-westbound-at-haywood-lane; Nashville.gov: https://www.nashville.gov/departments/police/news/motorcyclist-fatally-injured-friday-night-crash-i-24-west-near-haywood-lane
20250552648,2025-09-11,20:25:00,pedestrian,No,Local,Haywood Ln,Hopedale Dr,364 Haywood Ln,-86.715501,36.06867,1,Yes,27,Lha Tun,32,,"Nashville police are searching for a dark-colored Dodge Charger that fatally struck Lha Tun, 32, on Haywood Lane near Hopedale Dr on Thursday night. The vehicle has significant damage to its driver’s side. Tun died at Vanderbilt University Medical Center.",WKRN: https://www.wkrn.com/news/local-news/nashville/metro-police-seeking-car-involved-in-deadly-hit-and-run-crash/; Nashville.gov: https://www.nashville.gov/departments/police/news/officers-asking-communitys-assistance-locating-dodge-charger-involved-thursday-night-fatal-crash
20250550798,2025-09-11,03:20:00,pedestrian,No,Local,4th Ave S,Korean Veterans Blvd,,-86.774783,36.157355,1,Yes,19,Nicholas Leonhardt,28,,"Nicholas Leonhardt, from North Carolina, was crossing Fourth Ave S with a friend when he was hit by a blue Honda CRV in the southbound lane.  On Sunday, Sept. 14, Metro police announced that Leonhardt died as a result of his injuries.",WKRN: https://www.wkrn.com/news/local-news/nashville/pedestrian-injured-in-hit-and-run-crash-in-downtown-nashville-2/; News Channel 5: https://www.newschannel5.com/news/state/tennessee/davidson-county/he-loved-life-and-did-everything-big-family-and-friends-mourn-man-visiting-nashville-killed-in-hit-and-run
20250547979,2025-09-09,19:30:00,motorcycle,No,State Route,Old Hickory Blvd,Pitts Ave,,-86.63037,36.239005,1,Yes,11,James C. Sellars,33,,"James C. Sellars, 33, of Hendersonville, was killed Tuesday at 7:30 p.m. when his Kawasaki was rear-ended at a red light by a silver Mercedes SUV on Old Hickory Blvd. The SUV, missing its front bumper, fled south. Tips: call Crime Stoppers at 615-742-7463.",Nashville.gov: https://www.nashville.gov/departments/police/news/publics-assistance-sought-locating-hit-and-run-driver-involved-fatal-collision; Nashville.gov (updated): https://www.nashville.gov/departments/police/news/driver-mercedes-charged-following-tuesdays-fatal-hit-and-run-crash
20250519812,2025-08-26,23:30:00,motorcycle,No,State Route,Nolensville Pk,McClain Ave,2800 Nolensville Pk,-86.746186,36.112892,2,No,16,Maldonado-Vergara; Daniel Velasco-Reyes,19; 19,; ,"Daniel Velasco-Reyes & Mariana Maldonado-Vergara, both 19, died after their bike collided with an SUV on Nolensville Pike. Police say the SUV pulled out of a gas station lot, and the motorcycle was speeding, causing it to crash into the SUV's rear driver-side door.",WKRN: https://www.wkrn.com/news/local-news/nashville/2-seriously-injured-after-crash-involving-motorcycle-suv-on-nolensville-pike/; WSMV: https://www.wsmv.com/2025/08/27/motorcyclist-dies-after-crashing-into-suv-south-nashville/; Nashville.gov: https://www.nashville.gov/departments/police/news/motorcyclist-fatally-injured-after-nolensville-pike-collision
20250487803,2025-08-11,20:15:00,motorcycle,No,State Route,Hobson Pk,Smith Springs Rd,,-86.585209,36.06851,1,No,8,Darryl Anthony,17,,"A 17-year-old, Darryl Anthony, died from injuries after his ATV ran a red light and crashed into an SUV in Nashville on August 11. Neither Anthony nor his 16-year-old passenger were wearing helmets. The passenger had non-life-threatening injuries.",WKRN: https://www.wkrn.com/news/local-news/nashville/mnpd-17-year-old-dead-days-after-atv-crash-in-antioch/
20250484793,2025-08-10,03:25:00,vehicle,No,State Route,Bell Rd,Harris Hills Ln,,-86.686444,36.044857,1,No,33,Raquel Lorena Sarabia Barajas,37,,"A Maserati driver, Julio Ceasar Herrera Gonzalez, is facing multiple charges, including vehicular homicide and DUI, after crossing into oncoming traffic on Bell Road. The head-on collision killed Raquel Lorena Sarabia Barajas, 37, in a Nissan Rogue passenger seat and left its driver with life-threatening injuries.",Nashville.gov: https://www.nashville.gov/departments/police/news/driver-charged-sunday-mornings-head-crash-bell-road
20250483159,2025-08-09,02:25:00,vehicle,No,Interstate,I-40 W,,MM 196,-86.963596,36.07792,1,No,22,Dennis E. Crowder,63,,"A tractor-trailer rear-ended a Hyundai Elantra on I-40 West in Nashville early Saturday, killing the Elantra's driver, 63-year-old Dennis E. Crowder. The crash occurred around 2:25 a.m. near the Highway 70 South exit, where traffic was already congested from a separate incident.",WSMV: https://www.wsmv.com/2025/08/09/tn-man-killed-early-morning-nashville-crash-i-40/
20250470281,2025-08-02,22:15:00,motorcycle,No,State Route,Gallatin Pk,Twin Hills Dr,,-86.692841,36.302085,1,No,10,Joshua Parsons,44,,"Joshua Parsons, a 44-year-old motorcyclist from Nashville, was killed in a collision on Gallatin Pike. The crash occurred when he collided with a Honda Pilot turning into the Target parking lot, and while the investigation is ongoing, his friends reported he was impaired and they had tried to take his keys.",Nashville.gov: https://www.nashville.gov/departments/police/news/motorcyclist-fatally-injured-gallatin-pike-collision
20250468699,2025-08-01,22:45:00,motorcycle,No,Interstate,I-65 N,,MM 89,-86.770949,36.230477,1,No,2,Daryus Chambers,37,,"Daryus Chambers, 37, of Antioch, and another motorcyclist were traveling north on I-65 at 10:45 p.m. when Chambers, it is believed, struck a tractor-trailer. He lost control and crashed on the interstate. The second motorcycle ran over Chambers, causing that 18-year-old rider to also crash. Chambers died at the scene.",Nashville.gov: https://www.nashville.gov/departments/police/news/motorcyclist-killed-friday-night-i-65-north
20250459735,2025-07-28,17:45:00,pedestrian,No,Local,10th Ave N,Dr Martin Luther King Jr Blvd,,-86.787628,36.16334,1,No,19,"James D. Galloway, Jr",73,,"James D. Galloway, Jr, 73 of Nashville, died after being struck by an SUV at the intersection of Dr. Martin Luther King Jr. Boulevard and 10th Avenue North. Preliminary investigations suggest he stumbled into the roadway while walking, and a Lexus SUV making a right turn subsequently hit him.",Nashville.gov: https://www.nashville.gov/departments/police/news/pedestrian-fatally-injured-after-falling-street-and-being-hit-suv
20250456896,2025-07-27,01:55:00,pedestrian,No,State Route,Gallatin Pike S,,1314 Gallatin Pike S,-86.722828,36.243553,1,No,7,Rustin Needer,41,,"Rustin Needer, 41, of Nashville was walking in the roadway when he was struck by the driver of a northbound Buick Encore.  Fatal crash investigators learned from a family member that Needer had called to say he was walking home after his vehicle broke down on Gallatin Pike near Briley Parkway.",Nashville.gov: https://www.nashville.gov/departments/police/news/pedestrian-struck-and-killed-early-sunday-gallatin-pike
20250447356,2025-07-22,00:32:00,pedestrian,No,Interstate,I-40 W,,MM 220.6,-86.596618,36.170036,1,Yes,12,Melena Sanderson,42,,"Melena Sanderson, 42, of Nashville was fatally struck on I-40 West near Old Hickory Boulevard after exiting a gray SUV and walking into traffic. She was hit by a burgundy sedan that fled the scene, followed by several other vehicles, and the SUV she exited also left the scene.",Nashville.gov: https://www.nashville.gov/departments/police/news/pedestrian-struck-and-killed-i-40-west; Nashville.gov (Updated): https://www.nashville.gov/departments/police/news/pedestrian-fatally-injured-i-40-west-identified
20250436603,2025-07-16,08:16:00,vehicle,No,State Route,Harding Pk,Percy Warner Blvd,,-86.877613,36.096376,1,No,23,,,,"Driver A was heading eastbound on Harding Pike, reportedly weaving in and out of traffic, when they crossed a double-yellow center lines and struck vehicle B in a head-on collision.",WSMV: https://www.wsmv.com/2025/07/17/woman-charged-after-crash-critically-injures-her-two-young-children-nashville/
20250433202,2025-07-14,15:31:00,vehicle,No,Interstate,I-40 W,,MM 213,-86.731326,36.141176,1,No,15,Joyce Poole,,,"On Monday, July 14th, Joyce Poole was fatally injured in a three-vehicle crash on I-40 West near mile marker 213.6 when her Honda Civic struck a stopped Tesla Y, pushing it into a Chevrolet Tahoe. Ms. Poole, who was transported to Vanderbilt Medical Center, was later pronounced deceased, and no charges are expected.",
20250433047,2025-07-14,15:04:00,vehicle,Yes,Local,Pleasant Hill Rd,,1504 Pleasant Hill Rd,-86.634606,36.117233,1,No,13,Matthew Sparks,42,,"Matthew Sparks, 42, of Nashville, was traveling south in his Renegade when he failed to negotiate a slight curve, crossed the double yellow lines into opposing lanes of traffic and left the roadway. The Renegade went into the woods and ultimately crashed head-on into a tree.",Nashville.gov: https://www.nashville.gov/departments/police/news/driver-jeep-renegade-killed-crash-pleasant-hill-road
20250430106,2025-07-12,18:39:00,vehicle,No,State Route,Briley Pkwy,Exit 4,,-86.69792,36.119197,1,No,13,,,,Multi-vehicle crash involving 9 individuals.,WKRN: https://www.wkrn.com/news/local-news/nashville/briley-parkway-blocked-at-murfreesboro-road-exit-due-to-crash/
20250422017,2025-07-08,15:52:00,pedestrian,No,State Route,S 5th Street,,500 Main Street,-86.765394,36.172961,1,Yes,5,Julie Savoy,53,,"Julie Savoy, 53, who was critically injured in a July 8 hit-and-run at South 5th Street and Main Street, has died from her injuries. The black Hyundai Elantra involved was reported stolen after the incident, and authorities are still working to identify the driver.",Nashville.gov: https://www.nashville.gov/departments/police/news/pedestrian-critically-injured-hit-and-run-collision-has-died
20250418485,2025-07-06,20:30:00,motorcycle,No,Local,Main Street,,500 Main Street,-86.764947,36.172957,1,No,6,Dsiyahn Whitmore,10,,"10-year-old Dsiyahn Whitmore of Nashville tragically died after the gasoline-powered minibike he was riding collided with a gasoline tanker truck on Main Street. Preliminary investigations suggest Whitmore rode out of a market parking lot and into the truck's path, failing to yield, and was subsequently run over.",Nashville.gov: https://www.nashville.gov/departments/police/news/10-year-old-killed-sunday-nights-collision-involving-minibike-and-tanker-truck
20250418007,2025-07-06,13:25:00,vehicle,Yes,Local,John A. Merritt Boulevard,31st Avenue North,,-86.824486,36.167528,1,No,21,Kenneth Fulson,67,,"Kenneth Fulson, 67, died in a single-vehicle crash on John A. Merritt Boulevard on TSU's campus. Fulson's Cadillac CTS reportedly went through a stop sign at 60 miles per hour, striking a water main structure and a brick wall. Toxicology tests are pending to determine if impairment was a factor in the fatal crash.",Nashville.gov: https://www.nashville.gov/departments/police/news/driver-killed-single-vehicle-crash-sunday-john-merritt-boulevard
20250412110,2025-07-03,07:50:00,motorcycle,No,State Route,Gallatin Pk,,1582 Gallatin Pike North,-86.702865,36.292335,1,No,10,Daniel Poole,19,,"Daniel Poole, 19, of Orlinda, was killed after his motorcycle was sideswiped by a Honda Accord exiting a parking lot on Gallatin Pike and then struck by two additional vehicles. The crash was caused by the Honda driver’s failure to yield while attempting to cross the roadway.",Nashville.gov: https://www.nashville.gov/departments/police/news/motorcyclist-fatally-injured-gallatin-pike-north-collision
20250410681,2025-07-02,14:49:00,vehicle,No,Local,Brick Church Pike,,2400 Brick Church Bike,-86.778284,36.210199,1,No,2,Robert Crawford III,20,,"Robert Crawford III, 20, of Old Hickory, was killed in a head-on collision on Brick Church Pike after an 18-year-old Mississippi driver, Joshua McNeal, attempted to pass vehicles at high speed and lost control of his pickup truck. McNeal has been charged with vehicular homicide by reckless conduct and other related offenses following the crash.",Nashville.gov: https://www.nashville.gov/departments/police/news/mississippi-driver-charged-wednesdays-fatal-crash-brick-church-pike
20250404017,2025-06-29,14:41:00,vehicle,No,State Route,Thompson Ln,Southlake Dr,,-86.727854,36.109508,1,No,16,Jackson Hunter,47,,"Jackson Hunter, 47, of Watertown, was killed Sunday when his speeding Chevrolet Silverado ran a red light on Thompson Lane and collided with a Honda Accord; he was ejected from the truck and died at the scene. The Honda driver, who had the green light, showed no signs of impairment, and toxicology tests are pending for Hunter.",Nashville.gov: https://www.nashville.gov/departments/police/news/two-vehicle-collision-claims-watertown-man
20250401269,2025-06-29,03:18:00,vehicle,No,Interstate,I-24 E,,Exit 59,-86.656355,36.043905,1,Yes,32,Angela Dawn Loupe,51,,"Angela Dawn Loupe, 51, of Murfreesboro, was killed in a four-vehicle crash early Sunday on I-24 East near Bell Road; John Baudendistel, 28, is charged with vehicular homicide by intoxication after rear-ending her Nissan Sentra. Two other drivers involved fled on foot after an initial collision, and police are seeking information on them as the investigation continues.",Nashville.gov: https://www.nashville.gov/departments/police/news/man-charged-vehicular-homicide-intoxication-after-i-24-multi-vehicle-collision
20250401269,2025-06-28,00:08:00,pedestrian,No,State Route,Murfreesboro Pk,,20250401269,-86.723476,36.134596,1,No,16,Lorenzo Mendoza,63,,"Lorenzo Mendoza, 63, was struck and killed while crossing Murfreesboro Pike early Saturday; the Medical Examiner is working to confirm his identity. Preliminary reports indicate he was hit between intersections with crosswalks near a bus stop by an eastbound Ford Escape whose driver stopped and showed no signs of impairment.",Nashville.gov: https://www.nashville.gov/departments/police/news/pedestrian-struck-and-killed-800-block-murfreesboro-pike
20250379033,2025-06-17,21:25:00,vehicle,Yes,State Route,Murfreesboro Pk,British Woods Dr,,-86.651511,36.091613,1,No,13,,,,"The preliminary investigation indicates the Nissan was traveling west when, for an unknown reason, it went across the eastbound lanes, left the roadway, went down an embankment and struck a utility pole.",Nashville.gov: https://www.nashville.gov/departments/police/news/driver-killed-single-vehicle-crash-murfreesboro-pike-tuesday-night
20250373437,2025-06-15,,vehicle,No,State Route,Spring Street,,,-86.766213,36.175984,1,No,5,Jaiden Smith,21,,"Reana Ibrahim, 22, was driving a Mazda 3 in the wrong lane on Spring Street when she struck a Ford Bronco head-on. Her passenger, Jaiden Smith, 21, suffered critical injuries and later died on November 11, 2025. Toxicology tests revealed Ibrahim was inebriated at the time of the crash.",Nashville.gov: https://www.nashville.gov/departments/police/news/vehicular-homicide-suspect-surrenders-following-june-15-fatal-crash-spring-street
20250363967,2025-06-10,21:30:00,pedestrian,No,State Route,Murfreesboro Pk,Edge O Lake Dr,,-86.644707,36.079583,1,No,28,John Doe,44,,"A 44-year-old male pedestrian died after being struck by a southbound Dodge Caravan Tuesday night on Murfreesboro Pike near Edge O Lake Drive. The driver remained at the scene, showed no signs of impairment, and authorities are working to notify the victim’s family.",Nashville.gov: https://www.nashville.gov/departments/police/news/pedestrian-killed-tuesdays-crash-murfreesboro-pike
20250359190,2025-06-08,20:35:00,vehicle,Yes,Local,East Thompson Ln,,,-86.717369,36.12333,1,No,16,Nicolas Sente Rodriguez,27,,"Nicolas Sente Rodriguez, 27, died in a single-vehicle crash on East Thompson Lane at 8:35 p.m. on Sunday. The Ford Mustang he was driving lost control at a slight curve and hit a concrete barrier.",Nashville.gov: https://www.nashville.gov/departments/police/news/driver-killed-single-vehicle-crash-east-thompson-lane
20250359092,2025-06-08,19:30:00,pedestrian,No,Local,3rd Ave N,Van Buren Street,,-86.788692,36.181252,1,No,19,Dorothy Dobbins,77,,"A pedestrian, 77-year-old Dorothy Dobbins, was killed on 3rd Avenue North near Van Buren Street when struck by a Chevrolet Silverado around 7:30 p.m. Dobbins was reportedly in a marked crosswalk at the time. She was taken to Vanderbilt University Medical Center, where she later died.",Nashville.gov: https://www.nashville.gov/departments/police/news/pedestrian-fatally-struck-sunday-3rd-avenue-north
20250338234,2025-05-29,20:52:00,vehicle,Yes,Local,Anderson Rd,,2941 Anderson Rd,-86.626446,36.074146,1,No,29,Rodrigo Vences-Dealmonte,18,,"Rodrigo Vences-Dealmonte, 18, of an Infiniti M37 has died as a result of Thursday’s 9 p.m. crash on Anderson Road. The preliminary investigation indicates the Infiniti was observed street racing with another vehicle when officers attempted to stop their dangerous driving.",Nashville.gov: https://www.nashville.gov/departments/police/news/driver-infiniti-killed-thursday-nights-crash-anderson-road
20250320177,2025-05-21,22:21:00,bicycle,No,State Route,Bell Rd,,630 Bell Rd,-86.638536,36.061676,1,Yes,32,Larissa Houston,23,,"Larissa Houston, 23, of Nashville, was killed in a hit-and-run crash while riding her electric bicycle on Bell Road. The dark-colored sedan that struck her fled the scene at a high speed, running multiple red lights, and was last seen near the I-24 and Bell Road interchange.",Nashville.gov: https://www.nashville.gov/departments/police/news/woman-riding-electric-bicycle-killed-wednesdays-hit-run-crash-bell-road
20250288121,2025-05-07,18:52:00,bicycle,No,Local,Antioch Pk,Luna Drive,,-86.681964,36.076954,1,No,28,Jose Salamanca,43,,"Jose Salamanca, a 43-year-old from Nashville, was fatally injured on Wednesday night when he was hit by a Dodge Challenger while attempting to cross Antioch Pike at Luna Drive.",Nashville.gov: https://www.nashville.gov/departments/police/news/bicyclist-fatally-injured-wednesday-night-collision-antioch-pike
20250280036,2025-05-03,22:37:00,vehicle,No,Interstate,"I-40 W, MM 214",,,-86.713592,36.141865,1,No,15,Chance Lee Kimbro,17,,"Chance Lee Kimbro, 17, was driving a stolen 2015 Ford Fusion west on I-40 when they hit a semi-trailer and were ejected onto the Interstate, and then struck by another vehicle. An unidentified passenger fled before police arrived.",Nashville.gov: https://www.nashville.gov/departments/police/news/teen-driver-killed-three-vehicle-crash-i-40
20250263318,2025-04-26,17:00:00,vehicle,Yes,Local,Granny White Pk,,,-86.806279,36.076698,1,No,25,,,,"Driver exited the roadway and struck a tree.  It it unclear it if was a fatal crash or a medical episode.
Little information is known about this, including the location on Granny White Pike.  This coordinate position was chosen at random.",
Unknown,2025-04-26,,vehicle,No,Local,Brittany Park Dr,,,-86.679745,36.044938,1,No,31,Shannon Kilgore,31,,"Ashley Sells was arrested for vehicular homicide after video evidence surfaced showing her driving a car with her friend, Shannon Kilgore, on the hood. Kilgore fell and suffered a fatal skull fracture while Sells was doing donuts in a parking lot, and Sells is accused of lying to police about the incident.",Nashville.gov: https://www.nashville.gov/departments/police/news/vehicular-homicide-suspect-out-bond-following-tuesday-night-arrest; WSMV.com: https://www.wsmv.com/2025/08/06/mother-dies-after-falling-friends-car-nashville/
20250261784,2025-04-25,20:59:00,motorcycle,No,State Route,Lebanon Pk,,,-86.599948,36.215166,1,No,11,Jeremy Whitaker,47,,The preliminary investigation shows that a pickup truck had just pulled out of the Wal-Mart parking lot to turn left (east) on Lebanon Pike when a westbound motorcycle collided with the driver’s side rear of the vehicle.,Nashville.gov: https://www.nashville.gov/departments/police/news/motorcyclist-dies-friday-night-collision-hermitage; Nashville.gov (Updated): https://www.nashville.gov/departments/police/news/man-charged-vehicular-homicide-recklessness
20250255365,2025-04-23,02:08:00,vehicle,Yes,State Route,Old Hickory Blvd,,1306 Old Hickory Blvd,-86.767694,36.27658,1,No,3,Roberta Osgood,30,,"The preliminary investigation indicates that Roberta Osgood, 30, was driving her 2017 Toyota Highlander west on Old Hickory Boulevard when she traveled off the roadway, stuck a concrete mailbox, and then collided with a tree.",Nashville.gov: https://www.nashville.gov/departments/police/news/nashville-woman-killed-single-vehicle-crash-old-hickory-boulevard
20250245180,2025-04-18,06:33:00,vehicle,No,State Route,Donelson Pk,I-40 E on Ramp,,-86.666212,36.139853,1,No,13,Kimberly Odell,56,,"Kimberly Odell, 56, of LaVergne, was killed following a two-vehicle collision at the I-40 East entrance ramp on Donelson Pike. Odell was the front-seat passenger in a Mercury Mystique that was struck on the passenger side by a speeding Chevrolet Silverado.",Nashville.gov: https://www.nashville.gov/departments/police/news/passenger-killed-thursday-mornings-crash-donelson-pike
20250235586,2025-04-14,16:50:00,vehicle,Yes,State Route,Dickerson Pk,Trinity Ln,,-86.768798,36.205646,1,No,2,,,,Driver was traveling south on Dickerson Pk when they exited the roadway on the right shoulder and struck a utility pole.,
20250232980,2025-04-13,12:15:00,motorcycle,No,State Route,Lebanon Pk,Wellington Sq,,-86.645456,36.176426,1,No,14,Tyler S. Davis,27,,"Tyler S. Davis, 27, of Nashville, lost his life Friday afternoon following a collision on Lebanon Pike at Wellington Square. Davis was traveling eastbound on his Kawasaki ZX6 when he struck the driver’s side of a Nissan Frontier pulling out from a local gym.",Nashville.gov: https://www.nashville.gov/departments/police/news/motorcyclist-killed-sunday-afternoon-collision-lebanon-pike
20250222619,2025-04-09,01:09:00,vehicle,No,Interstate,"I-24 W, MM 38",,,-86.821573,36.308276,1,No,1,Pritam “Peter” Singh,,,"Pritam “Peter” Singh, 42, died April 9 after the Nissan Altima he was riding in struck a semi-truck and rolled into a tree line. The driver, Inderjit Singh, was reportedly speeding at over 100 mph. He is jailed on charges of vehicular homicide and reckless endangerment.",Nashville.gov: https://www.nashville.gov/departments/police/news/passenger-killed-crash-i-24-west-wednesday-morning; Nashville.gov (Updated): https://www.nashville.gov/departments/police/news/clarksville-driver-charged-vehicular-homicide-following-april-fatal-crash
20250215465,2025-04-06,01:56:00,vehicle,Yes,State Route,Murfreesboro Rd,Una Antioch Pk,,-86.648675,36.086843,1,No,28,Cordae Robison,24,,"The preliminary investigation shows that Cordae Robison, 24, of Goodlettsville, was driving west on Murfreesboro Pike when he lost control of the car in the intersection and struck a utility pole.",Nashville.gov: https://www.nashville.gov/departments/police/news/man-killed-single-vehicle-crash-murfreesboro-pike-0
20250211426,2025-04-04,02:45:00,vehicle,No,Local,Demonbreun St,12th Ave S,,-86.786203,36.154615,2,Yes,19,Kirk Granfors; Kathy Granfors,64; 68,; ,"Kirk Granfors, 64, and Kathy Granfors, 68, of Florida, were killed when a stolen Jeep struck their taxi. Witnesses say the taxi had the green light. The Jeep's suspected driver, George Chaney, was on parole and out on bond for prior auto theft charges. Charges are pending.",WKRN: https://www.wkrn.com/news/local-news/nashville/2-dead-after-vehicle-crashes-into-building-in-the-gulch/; Nashville.gov: https://www.nashville.gov/departments/police/news/two-taxicab-passengers-killed-early-today-collision-stolen-jeep
20250211388,2025-04-04,02:00:00,pedestrian,No,State Route,West Trinity Lane,Exit Ramp from I-65 North,,-86.774585,36.206303,1,Yes,2,Robert L. Jones,39,,"Robert L. Jones, 39, was attempting to cross Trinity Lane at the light where the exit ramp from I-65 North intersects with Trinity Lane when he was struck. He was transported to Skyline Medical Center where he died.",Nashville.gov: https://www.nashville.gov/departments/police/news/fatal-crash-investigators-working-identify-hit-and-run-driver-who-struck-pedestrian
20250209933,2025-04-03,13:57:00,vehicle,No,Local,Old Hickory Blvd,Pecan Valley Road,,-86.9163,36.22028,1,No,1,Paula Moore,43,,"Paula Moore, 43, of Nashville, died Thursday following a head-on collision on Old Hickory Boulevard. Her 3-year-old daughter was critically injured, and two teens were also hurt. Investigation continues to determine why one vehicle crossed the double yellow line.",Nashville.gov: https://www.nashville.gov/departments/police/news/woman-fatally-injured-thursday-afternoon-two-vehicle-crash
20250203151,2025-03-31,20:30:00,vehicle,Yes,State Route,Old Hickory Blvd,Anthony St,,-86.631326,36.23987,2,No,11,Corey Vondohlen; Jill Edmondson,41; 66,; ,"Jill Edmondson, 66, and her son, Corey Vondohlen, 41, died Monday night after their Kia Optima struck a utility pole. Edmondson died at the scene, and Vondohlen later passed at the hospital.",Nashville.gov: https://www.nashville.gov/departments/police/news/two-killed-single-vehicle-crash-old-hickory-boulevard
20250196835,2025-03-28,18:35:00,vehicle,Yes,Interstate,I-40 E,,,-86.733506,36.141242,1,No,15,Derrick P. Borchardt II,22,,"Derrick P. Borchardt II, 22, was driving erratically and changing lanes across the interstate. The vehicle traveled to the far right of the roadway, quickly went back to the left, and struck a rock wall. It then rolled over and came to rest on the passenger side.  There were open alcohol containers in the SUV, and the passenger said they had been drinking prior to the crash.",Nashville.gov: https://www.nashville.gov/departments/police/news/driver-dies-single-vehicle-crash-friday-night-i-40
20250195399,2025-03-28,03:37:00,vehicle,Yes,Local,Hart Ln,Ellington Pkwy,,-86.748496,36.21858,1,No,5,Ronald Botts,37,,"Ronald Botts, 37, was driving west on Hart Lane when it appears that he was attempting to enter the southbound ramp to Ellington Parkway but failed to negotiate the turn due to speed, striking a rock wall.",Nashville.gov: https://www.nashville.gov/departments/police/news/single-vehicle-crash-hart-lane-claims-nashville-man
20250193052,2025-03-27,07:50:00,vehicle,No,State Route,Whites Creek Pike,Sycamore Creek Rd,,-86.893965,36.379756,3,No,1,Robin Bernard; Andy O. Hernandez; Jonathan J. Palafox-Pacheco,70; 22; 20,; ; ,"A 70-year-old driver, Robin Bernard, lost control of his vehicle on Whites Creek Pike, crossing into oncoming traffic and causing a three-vehicle collision that resulted in the deaths of Andy O. Hernandez and Jonathan J. Palafox-Pacheco, the backseat passengers. Bernard himself sustained life-threatening injuries.",Nashville.gov: https://www.nashville.gov/departments/police/news/two-men-killed-three-vehicle-collision-whites-creek-pike
20250792635,2025-03-27,01:15:00,vehicle,No,Interstate,I-24 E,,,-86.617439,36.011516,2,No,33,Bradley Parrott; William Parrott,45; 72,; ,"Bradley Parrott, 45, and William Parrott, 72, a father and son from Illinois, were killed early today when a Ram 2500 struck their Silverado from behind at a high speed. Daniel Caravaca-Bonilla faces vehicular homicide and DUI charges; investigators found open alcohol containers in his truck.",Nashville.gov: https://www.nashville.gov/departments/police/news/man-faces-multiple-charges-including-vehicular-homicide-intoxication-i-24-double-fatality; WKRN: https://www.wkrn.com/news/local-news/i-24-deadly-crash-old-hickory-boulevard-la-vergne/
325028052,2025-03-13,07:10:00,vehicle,No,State Route,Whites Creek Pk,,8057 Whites Creek Pk,-86.885546,36.360205,1,No,1,Michael Capps,65,,"Michael Capps (65) died in a head-on crash on Whites Creek Pike involving a semi-truck and two passenger vehicles. The semi hit Capps' Kia Forte, which then hit a Nissan Sentra. The drivers of the semi and Nissan were unhurt.",WKRN: https://www.wkrn.com/news/local-news/nashville/at-least-1-dead-after-crash-involving-semi-truck-on-whites-creek-pike-in-joelton/
202500138730,2025-03-03,18:53:00,bicycle,No,State Route,Old Hickory Blvd,October Woods Dr,,-86.620087,36.015912,1,Yes,32,Charles Fountain,65,,"Karla Armendariz, 25, faces vehicular homicide and DUI charges for the hit-and-run death of Charles Fountain, 65. Fountain, a truck driver on his electric scooter, was struck and dragged over 900 feet by a Toyota Tundra on Old Hickory Blvd.

Armendariz fled the scene but surrendered after a Crime Stoppers tip led police to her truck. She admitted to drinking six beers and taking prescription drugs prior to the crash, claiming she ""blacked out"" and did not remember the collision. She was also driving without a license.",Nashville.gov: https://www.nashville.gov/departments/police/news/toyota-tacoma-pickup-truck-sought-south-nashville-fatal-hit-and-run-man-personally-owned-scooter-killed; Nashville.gov (Updated): https://www.nashville.gov/departments/police/news/woman-charged-vehicular-homicide-monday-nights-fatal-hit-run-pickup-truck-scooter-collision
20250135288,2025-03-02,04:36:00,vehicle,Yes,Local,Glastonbury Rd,Southwood Park Pl,,-86.701979,36.135334,1,No,13,Shemica Shaunte E. Sales,37,,"Shemica Shaunte E. Sales, 37, died Sunday morning after her Nissan Murano left the roadway and struck a brick wall and culvert. Investigations indicate the vehicle was traveling at a high rate of speed at the time. Toxicology tests are pending to determine if impairment played a role.",Nashville.gov: https://www.nashville.gov/departments/police/news/female-driver-killed-sunday-mornings-crash-glastonbury-road; WKRN: https://www.wkrn.com/news/local-news/nashville/woman-dead-after-crash-on-glastonbury-road-in-nashville/
2025126036,2025-02-26,08:53:00,motorcycle,No,Local,Elm Hill Pk,,1610 Elm Hill Pk,-86.716036,36.144219,1,No,15,Caleb LeQuire,23,,"Caleb LeQuire, 23, was travelling westward on Elm Hill Pike when a van turned out in front of him.  He died a week later from his injuries.",WKRN: https://www.wkrn.com/news/local-news/nashville/loved-ones-mourn-motircyclist-killed-elm-hill-pk/
20250120139,2025-02-24,03:58:00,vehicle,Yes,State Route,Dickerson Pk,,3880 Dickerson Pike,-86.755942,36.269129,1,No,3,Nicholas Hardy,50,,"Nicholas Hardy, 50, was driving an Impala northbound at a high rate of speed when it crossed into oncoming lanes of traffic before striking a metal utility pole. There were no signs of impairment at the scene.",Nashville.gov: https://www.nashville.gov/departments/police/news/driver-killed-single-vehicle-crash-monday-morning-dickerson-pike
Unknown,2025-02-10,17:56:00,motorcycle,No,State Route,,,4709 Nolensville Pk,-86.719165,36.068212,1,No,27,Austin Harrison,25,,"The preliminary investigation indicates Austin Harrison, 25, was traveling between the two outbound lanes at a high rate of speed when the Honda, which was facing inbound, was making a left turn on the green light without the green left arrow.",Nashville.gov: https://www.nashville.gov/departments/police/news/motorcyclist-killed-monday-nights-crash-nolensville-pike
20250069037,2025-02-02,16:15:00,motorcycle,No,State Route,Nolensville Pk,,4315 Nolensville Pk,-86.724636,36.074052,1,No,26,Marco Macias,23,,"The preliminary investigation indicates Marco Macias, 23, of Nashville, was traveling south at a high rate of speed when it struck a Chevrolet Silverado that was entering the roadway from a parking lot.  The motorcycle then crossed the road and struck the front of a northbound Jeep Compass.",Nashville.gov: https://www.nashville.gov/departments/police/news/motorcyclist-killed-sunday-afternoon-multi-vehicle-crash-nolensville-pike
20250068915,2025-02-02,15:00:00,motorcycle,No,Interstate,I-24 E,Harding Pl,MM 56,-86.701137,36.087604,1,No,30,Derek McIntosh,36,,"The preliminary investigation indicates the Harley Davidson FLT, driven by Derek McIntosh, 36, of Smithville, was merging onto I-24 East from Harding Place when he struck the side of a tractor trailer.",Nashville.gov: https://www.nashville.gov/departments/police/news/motorcyclist-killed-crash-tractor-trailer-i-24-east
Unknown,2025-01-27,01:00:00,vehicle,Yes,Local,Knight Valley Dr,Currey Rd,,-86.691736,36.104245,1,No,13,Brian Morwood,48,,"Brian Morwood, 48, of Goodlettsville, was traveling southbound on Knight Valley Drive when, for an unknown reason, left the roadway and struck a tree head-on.",Nashville.gov: https://www.nashville.gov/departments/police/news/driver-killed-monday-mornings-single-vehicle-crash-knight-valley-drive
20250033900,2025-01-17,09:13:00,vehicle,No,Interstate,I-40 E,,Exit 192,-87.026452,36.076928,1,No,35,Gerald Edgman,73,,"Gerald Edgman, 73, of Paris, Tennessee, died Friday after his Toyota Camry struck a Ford F-150 from behind and overturned. The crash occurred near McCrory Lane as traffic slowed for an upcoming construction zone. Edgman’s passenger sustained non-life-threatening injuries.",Nashville.gov: https://www.nashville.gov/departments/police/news/two-vehicle-crash-i-40-claims-paris-man
20250028267,2025-01-14,23:04:00,pedestrian,No,State Route,Murfreesboro Pk,Parks Retreat Dr,,-86.594165,36.031633,1,No,8,Koriona Harding,21,,"Koriona Harding, 21, of Smyrna, was killed Tuesday night while on foot near her disabled vehicle. Harding was struck by a Honda CRV after another driver swerved to avoid her. The driver of the Honda remained at the scene; no charges were filed.",Nashville.gov: https://www.nashville.gov/departments/police/news/collision-murfreesboro-pike-claims-pedestrian
Unknown,2025-01-02,18:21:00,vehicle,Yes,State Route,Highway 100,,7180 Hyw 100,-86.898823,36.067811,1,No,34,Orin Odom,78,,"Orin Odom, 78m was driving northeast on Highway 100 when he likely suffered a medical event.  His Nissan Versa veered off the road and crash head-on into a tree.",WSMV: https://www.wsmv.com/2025/01/02/man-found-dead-crashed-car-off-highway-100-bellevue/
20240825823,2024-12-30,14:21:00,motorcycle,No,State Route,Murfreesboro Pk,Pineway Dr.,1343 Murfreesboro Pike,-86.69387,36.11495,1,No,13,,,,Driver A was traveling westbound on Murfreesboro Pk and attempting a left turn into the Shell gas station before the intersection of Pineway Dr when they were struck on the passenger side by an eastbound motorcyclist. The motorcyclist sustained fatal injuries.,WSMV: https://www.wsmv.com/2024/12/31/motorcyclist-dies-after-crash-nashville/; Nashville.gov: https://www.nashville.gov/departments/police/news/motorcyclist-killed-monday-afternoons-crash-murfreesboro-pike
20240824453,2024-12-29,22:00:00,pedestrian,No,Interstate,I-40 E,Exit Ramp to Old Hickory Blvd,,-86.608042,36.167325,1,No,12,,,,"A 64-year-old woman, Arbadellia Richardson, was killed while warning oncoming traffic with her phone flashlight near a disabled vehicle on the I-40 East exit ramp to Old Hickory Boulevard.  The driver showed no signs of impairment.",Nashville.gov: https://www.nashville.gov/departments/police/news/pedestrian-killed-sunday-night-crash-i-40-east-exit-ramp
20240811950,2024-12-21,20:08:00,pedestrian,No,State Route,Murfreesboro Pk,McGavock Pk,1305 Murfreesboro Pike,-86.697438,36.116438,1,Yes,13,,,,Pedestrian A was 'in the roadway' near the intersection of Murfreesboro Pk & McGavock Pk when they were struck by an unknown vehicle. Pedestrian was outside a marking crossing location.,Nashville.gov: https://www.nashville.gov/departments/police/news/pedestrian-killed-hit-and-run-crash-near-intersection-murfreesboro-and-mcgavock-pikes; WKRN: https://www.wkrn.com/news/local-news/nashville/pedestrian-killed-in-hit-and-run-crash-near-bna-police-say/
20240811047,2024-12-21,03:00:00,vehicle,No,Interstate,I-40 W,,MM 207.4,-86.805409,36.170496,1,No,21,,,,"Driver A was traveling east in the westbound travel lanes of I-40W when they struck vehicle B head-on, with vehicle B catching fire. Driver B was removed from the vehicle before the fire, with critical injuries. Driver A was pronounced deceased at the scene.",Nashville.gov: https://www.nashville.gov/departments/police/news/wrong-way-driver-killed-two-vehicle-collision-i-40-west; WSMV: https://www.wsmv.com/2024/12/21/1-dead-after-wrong-way-collision-i-40/
20240804496,2024-12-18,06:27:00,vehicle,Yes,Local,Blue Hole Rd,Tusculum Rd,,-86.673143,36.052669,1,No,33,,,,Investigation to determine whether a medical event caused the driver to lose control and crash.,WSMV: https://www.wsmv.com/2024/12/18/investigation-underway-after-1-killed-antioch-crash/
20240800367,2024-12-16,09:25:00,pedestrian,No,Local,Porter Rd,McKennell Dr,,-86.72632,36.1934,1,Yes,7,,,,"Driver A was speeding while exiting an apartment complex during slippery conditions. While attempting a turn, the driver lost ocntrol, spun and struck a pedestrian on the sidewalk when the back of the vehicle went over the curb.",WSMV: https://www.wsmv.com/2024/12/16/man-accused-critically-injuring-pedestrian-crash-near-east-nashville-apartments/
20240799410,2024-12-15,21:09:00,vehicle,Yes,State Route,Lebanon Pk,,1717 Lebanon Pk,-86.715714,36.1534,1,No,15,,,,"Driver was speeding east on Lebanon Pk when they failed to negotiate a curve, exited the roadway onto the sidewalk, and struck a hedge, utility pole and tree before coming to rest as the vehicle caught fire.",WKRN: https://www.wkrn.com/news/local-news/nashville/driver-killed-in-fiery-crash-after-hitting-pole-tree-along-lebanon-pike/
20240798932,2024-12-15,14:29:00,pedestrian,No,Local,Wingate Ave,Sunrise Ave,3201 Wingate Ave,-86.734831,36.103372,1,Yes,16,,,,Pedestrian was found unresponsive on roadway. Hit and run driver not on scene.,WSMV: https://www.wsmv.com/2024/12/16/metro-police-investigating-after-woman-was-killed-hit-and-run/; Tennessean: https://www.tennessean.com/story/news/crime/2024/12/17/nashville-woman-82-killed-hit-and-run-wingate-avenue/77021338007/
20240788555,2024-12-10,12:01:00,vehicle,No,Interstate,I-65,,West/South bound exit 85,-86.79564,36.186913,1,No,19,,,,"Driver A was attempting to merge into a right (outside) lane as a semi truck was passing them. Driver A struck the semi and was pushed back into their original lane, where they were struck on the driver side by vehicle B.",WSMV: https://www.wsmv.com/2024/12/11/alabama-man-killed-crash-i-65-nashville/
20240786092,2024-12-09,10:33:00,vehicle,No,State Route,Old Hickory Blvd,Woodlands Ave,15354 Old Hickory Blvd,-86.726428,36.042246,1,No,4,,,,Driver A was attempting a left turn from Woodlands Ave to OHB when they were struck on by driver B on the driver side of the vehicle. It has not been stated which driver had the right of way.,
20240773619,2024-12-03,11:18:00,vehicle,No,Interstate,I-40 E,,MM 219,-86.642601,36.147315,1,Yes,13,,,,Driver A was traveling on I-40 under the influence when they struck a guardrail and a passenger was ejected from the vehicle. The passenger was then struck by multiple other vehicles.,WKRN: https://www.wkrn.com/news/local-news/nashville/driver-charged-after-man-ran-over-on-i-40/
20240759600,2024-11-25,22:20:00,vehicle,No,Interstate,Briley Pkwy,,,-86.710107,36.111901,1,No,16,,,,,WKRN: https://www.wkrn.com/news/local-news/nashville/woman-dead-after-crashing-into-downed-tree-on-briley-parkway/
20240756024,2024-11-23,20:33:00,vehicle,Yes,State Route,Clarksville Hwy,,4970 Clarksville Hwy,-86.846632,36.254578,1,No,1,,,,,Nashville.gov: https://www.nashville.gov/departments/police/news/woman-killed-single-vehicle-crash-clarksville-highway
20240752483,2024-11-21,20:21:00,vehicle,Yes,Local,Smith Springs Rd,Butler Rd,,-86.617119,36.089242,1,No,29,,,,,WKRN: https://www.wkrn.com/news/local-news/nashville/nashville-teen-dies-following-crash-along-smith-springs-road/; WSMV: https://www.wsmv.com/2024/11/22/teen-ejected-killed-crash-near-percy-priest-lake/
20240742147,2024-11-17,02:21:00,pedestrian,No,State Route,Lafayette St,Fairfield Ave,175 Lafayette St,-86.757189,36.14709,1,No,17,,,,Pedestrian was crossing Lafayette St just east of the intersection with Fairfield Ave when they were struck by eastbound vehicle A. Driver A was under the influence of alcohol & drugs.,WKRN: https://www.wkrn.com/news/local-news/nashville/at-least-1-seriously-injured-after-crash-on-murfreesboro-pike/
20240730474,2024-11-11,18:41:00,pedestrian,No,Interstate,I-24,MM 59,,-86.665011,36.048813,1,Yes,33,,,,Pedestrian was struck by one vehicle on the interstate before being struck by multiple other vehicles. The driver of the original vehicle did not remain on the scene.,WSMV: https://www.wsmv.com/2024/11/12/woman-dies-after-getting-hit-by-multiple-vehicles-i-24/
20240684022,2024-10-20,02:32:00,motorcycle,Yes,Interstate,I-24 W,MM 38.4,,-86.814278,36.304833,1,No,1,,,,Motorcyclist was riding on I-24W at high speed when they crested a hill + curve on the road. The rider was 'ejected' and they struck the guardrail.,WKRN: https://www.wkrn.com/news/local-news/nashville/motorcyclist-killed-in-crash-on-i-24w-metro-police-say/
20240682460,2024-10-19,01:00:00,pedestrian,No,State Route,Broadway,12th Ave S,1111 Broadway,-86.787454,36.15661,1,Yes,19,,,,Driver was turning left on Broadway from 12th Ave and struck a pedestrian who had the walk signal. Driver failed to yield.,WSMV: https://www.wsmv.com/2024/10/19/pedestrian-crossing-broadway-hit-killed-police-say/; WKRN: https://www.wkrn.com/news/local-news/nashville/pedestrian-killed-in-crash-on-broadway-crosswalk/
20240680407,2024-10-18,00:06:00,pedestrian,No,Local,Commerce St,4th Ave N,,-86.777821,36.162422,1,No,19,,,,"Driver A was traveling east on Commerce when they passed 4th Ave N and swerved right onto the sidewalk, striking 4 pedestrians before swerving back right and striking a parked vehicle. Driver A was DUI and speeding.",WKRN: https://www.wkrn.com/news/local-news/nashville/pedestrian-crash-in-downtown-nashville/; Tennessean: https://www.tennessean.com/story/news/crime/2024/10/18/nashville-drunk-driver-downtown-crash-man-killed-wisconsin/75731499007/
202402215,2024-10-12,20:34:00,motorcycle,Yes,Local,Pleasant Green Dr,,352 Pleasant Green Dr,-86.710996,36.306097,1,No,10,,,,Motorcyclist and passenger ran into the gate of a closed park. Both were not wearing helmets and alcohol is suspected on the operator. Low lighting was a factor in this crash.,
20240664393,2024-10-09,20:45:00,vehicle,No,Local,Buena Vista,W Trinity Ln,"2520 Buena Vista Pike, Nashville, TN 37218",-86.820524,36.202493,1,No,2,,,,Driver was attempting a left turn from Buena Vista Pike to continue northward on Buena Vista at the intersection with W Trinity Ln when they were struck by vehicle B westbound on W Trinity Ln.,
20240657007,2024-10-06,01:40:00,pedestrian,No,State Route,Old Murfreesboro Pk,Faircloth Ln,intersection,-86.66667,36.1033036,1,No,28,,,,Driver A struck pedestrian already lying in the roadway. It is suspected that the pedestrian was previously struck by another vehicle. Lighting is poor at this location.,WKRN: https://www.wkrn.com/news/local-news/nashville/1-dead-after-pedestrian-involved-crash-near-nashville-airport/
20240656235,2024-10-05,17:52:00,bicycle,No,Local,Nolensville Pk,,4021 Nolensville Pk,-86.7279434,36.0836596,1,Yes,26,,,,"Two passengers, including a 10 year old, were riding northbound on an electric scooter in the southbound bike lane when they were struck by a speeding vehicle in the bike lane. The child sustained fatal injuries while the adult has life threatening injuries.",WSMV: https://www.wsmv.com/2024/10/07/witnesses-recount-gruesome-hit-run-nolensville-pike-that-killed-10-year-old-girl-hospitalized-mother/; WKRN: https://www.wkrn.com/news/local-news/nashville/mnpd-arrest-deadly-hit-and-run-suspect-nephew/
20240653283,2024-10-04,05:39:00,vehicle,Yes,State Route,Murfreesboro Pk,Morris Gentry Blvd,Intersection,-86.631251,36.067453,1,No,29,,,,Driver A was speeding down Mrufreesboro Pk when they entered a dedicated right turn lane and drove through the intersection with Morris Gentry. The driver then hit the curb on the other side of the intersection and went airborne.,Nashville.gov: https://www.nashville.gov/departments/police/news/17-year-old-identified-driver-critically-injured-following-crash-stolen-car
20240652802,2024-10-03,22:48:00,vehicle,Yes,State Route,Nolensville pk,Bass Ave,intersection,-86.7232545,36.0710543,1,No,27,,,,Driver A traveling south on Nolensville Pk went off the road and hit a culvert. They were driving at high speed when attempting to negotiaite a curve.,WKRN: https://www.wkrn.com/news/local-news/nashville/man-killed-in-crash-along-nolensville-pike/
20240649365,2024-10-02,14:15:00,vehicle,No,Local,Old Hickory Blvd,Barnes Rd,Intersection,-86.6805473,36.0226322,1,No,31,,,,Driver A was turning after a stop on Barnes Rd when they struck vehicle B on Old Hickory Blvd whose driver had run the stop sign. Driver B was not belted.,WSMV: https://www.wsmv.com/2024/10/03/nashville-man-killed-two-vehicle-crash-old-hickory-blvd/
20240638297,2024-09-27,08:53:00,vehicle,No,State Route,Briley Pkwy,,MM 11.4,-86.689997,36.205898,1,No,15,,,,"Driver A was traveling south on Briley Pkwy when they veered left and struck vehicle B on the passenger side, then veered right and struck the guardrail before veering left again. The conditions were wet and rain was falling down. It's reported that driver A was speeding.",WSMV: https://www.wsmv.com/2024/09/27/police-release-identity-victim-deadly-crash-briley-parkway/
20240­634631,2024-09-25,20:11:00,vehicle,Yes,Local,Brick Church Pk,Woodfolk Dr,2614 Brick Church Pike,-86.7809887,36.2157952,1,No,2,,,,Driver was traveling south on Brick Church Pk when they hit the curb on the right and went off the road. They travelled for a short distance on the grass before striking a signal pole which was behind a crosswalk landing ramp.,WSMV: https://www.wsmv.com/2024/09/26/man-dies-after-single-vehicle-crash-brick-church-pike/
20240634218,2024-09-25,16:22:00,vehicle,No,State Route,Murfreesboro Pk,,3030 Murfreesboro Pk,-86.618763,36.054362,1,No,8,,,,Driver A was traveling east/south on Murfreesboro Pk when their vehicle crossed over the center turn lane and struck a north/westbound vehicle in an offset head-on collision.,WSMV: https://www.wsmv.com/2024/09/25/fatal-crash-closes-nashville-road/; WKRN: https://www.wkrn.com/news/local-news/nashville/1-killed-in-2-car-collision-in-antioch/
Unknown,2024-09-25,01:14:00,vehicle,Yes,Local,Hicks Rd,,570 Hicks Rd,-86.934741,36.085874,1,No,22,,,,"Driver A was traveling on Hicks Rd when they entered the opposing traffic lanes, overcorrected and left the roadway on the right side. Driver hit a fence and a tree. Driver was not belted.",WSMV: https://www.wsmv.com/2024/09/25/man-dies-after-overnight-crash-bellevue/
Unknown,2024-09-24,23:46:00,vehicle,Yes,Interstate,I-24,MM 35.6,,-86.857242,36.321976,1,No,1,,,,Driver was traveling west on I-24 when they exited the roadway. Both driver and passenger were not wearing a seatbelt.,WSMV: https://www.wsmv.com/2024/09/25/police-identify-missouri-man-killed-overnight-crash-i-24/
Unknown,2024-09-21,20:10:00,pedestrian,No,Local,Charlotte Pike,,4700 Charlotte Pike,-86.843848,36.15214,1,No,24,,,,Driver was traveling on Charlotte Ave when they struck a pedestrian who was crossing at an unmarked midblock location.,WKRN: https://www.wkrn.com/news/local-news/nashville/1-dead-after-pedestrian-involved-crash-on-charlotte-pike/; Nashville.gov: https://www.nashville.gov/departments/police/news/pedestrian-fatally-struck-charlotte-pike-saturday-night
20240622278,2024-09-19,21:50:00,vehicle,Yes,Interstate,I-65,,MM 89.2,-86.768943,36.232555,1,No,2,,,,Driver A may have drifted right off the right shoulder and hit an obstacle off the road.,
2024-0620266,2024-09-19,05:35:00,motorcycle,No,Local,Smith Springs Rd,Castlegate Dr,2783 Smith Springs Rd,-86.6137995,36.0880459,1,No,29,,,,Driver A was attempting a left turn from Castlegate Dr to Smith Springs when they struck a motorcyclist traveling eastbound. The traffic signal at this intersection was in flash and the motorcyclist had right of way. There is limited visibility due to road/intersection configuration,
20240618226,2024-09-18,08:39:00,motorcycle,Yes,Local,Clarksville Pk,Dry Fork Rd,4950 Dry Fork Rd,-86.866086,36.2743243,1,No,1,,,,"Motorcyclist was traveling north on Clarksville Pk when they attempted a 'wheelie' before losing control. The mtorcycle veered left off the road, struck the guardrail. The rider was thrown off, hit a utility pole and the back of the guardrail.",WSMV: https://www.wsmv.com/2024/09/18/motorcyclist-killed-during-wheelie-attempt-whites-creek/; Nashville.gov: https://www.nashville.gov/departments/police/news/motorcyclist-killed-crash-clarksville-pike-wednesday-morning
20240605911,2024-09-12,15:51:00,vehicle,No,Local,Dickerson Pk,,3037 Dickerson Pk,-86.7591445,36.2276015,1,No,5,,,,"Southbound driver A was attempting a left turn from the center turn lane on Dickerson when they were struck by northbound driver B. After the initial impact, vehicle A was push back into the travel lanes where it was rear-ended by vehicle C. Vehicle B was also rear-ended by vehicle D. Driver A was not wearing their seatbelt and succmbed to their injuries at Skyline.",WSMV: https://www.wsmv.com/2024/09/13/nashville-man-killed-4-vehicle-crash/
20240605525,2024-09-12,12:10:00,vehicle,No,Interstate,I-440 W,MM 5.2,,-86.765343,36.120592,1,No,26,,,,Driver A was eating while driving before swerving right to side-swipe vehicle B.,
20240594377,2024-09-10,16:00:00,vehicle,No,Local,West End Ave,23rd Ave N,"2308 West End Ave, Nashville, TN 37203",-86.8053807,36.1488858,1,No,21,,,,"Three vehicle crash involving lane departure into oncoming traffic. Exact sequence of events remains unclear, pending MNPD investigation.",
20240596420,2024-09-08,20:08:00,pedestrian,No,Interstate,I-65,MM 85,,-86.800613,36.179617,1,No,19,,,,"Pedestrian exited a truck where they were a passenger in stop-n-go traffic, stating that they felt claustrophobic. They crossed the center jersey barrier and were struck by a vehicle traveling in the opposite direction.",Fox17: https://fox17.com/news/local/2024-nashville-tennessee-pedestrian-killed-on-i-65-identified-as-california-man-lanes-of-traffic-middle-tn
20240593549,2024-09-07,01:35:00,vehicle,Yes,Local,Stagner Rd,Bidwell Rd,7229 Bidwell Rd,-86.887751,36.328214,1,No,1,,,,"Driver A was speeding westbound on Stagner Rd when they failed to negotiate the curve, exited the roadway and struck a tree.",Nashville.gov: https://www.nashville.gov/departments/police/news/driver-killed-single-vehicle-crash-stagner-road-saturday
20240585291,2024-09-04,23:11:00,vehicle,No,Interstate,I-40,,MM 212.4,-86.750277,36.150932,1,No,15,,,,"Driver A, of a semi truck, was slowing down for slow traffic when they were struck from the rear by driver B when ended up under the truck.",WSMV: https://www.wsmv.com/2024/09/04/mt-juliet-man-dies-after-crashing-into-semi-truck-i-40/
20240584990,2024-09-03,21:30:00,pedestrian,No,Local,West End Ave,17th Ave S,1702 West End Ave,-86.7951351,36.1540073,1,No,19,,,,Driver was traveling east on West End Ave when they struck a pedestrian just past the intersection with 17th Ave S.,Nashville.gov: https://www.nashville.gov/departments/police/news/pedestrian-killed-tuesday-nights-crash-west-end-avenue
20240583921,2024-09-03,14:19:00,vehicle,Yes,Local,Whites Creek Pk,Jackman Rd,"7906 Whites Creek Pike, Joelton",-86.8827852,36.3583134,1,No,1,,,,"Driver A traveling north on Whites Creek Pk went past Jackman Rd and left the roadway to the right, hitting a ditch before striking a utility pole.",Nashville.gov: https://www.nashville.gov/departments/police/news/driver-killed-tuesday-afternoons-crash-whites-creek-pike
20240573949,2024-08-29,19:44:00,pedestrian,No,State Route,Lebanon Pk,,4145 Lebanon Pike,-86.6178287,36.2006786,1,No,14,,,,Motorized pedestrian was crossing Lebanon Pk from north to south near the gas station when they were struck by a vehicle A traveling east. Lighting was a factor and nearest marked crosswalk was ~250ft east of the crash location.,
20240561477,2024-08-24,22:08:00,motorcycle,No,State Route,Old Hickory Blvd,,5500 Old Hickory Blvd,-86.607937,36.182101,1,No,14,,,,Southbound driver A was turning into the Kroger driveway on OHB when their vehicle was struck by a northbound motorcyclist. Motorcyclist suspected of DUI and their passenger succumbed to injuries sustained in the crash. Motorcyclist suspected of speeding.,WSMV: https://www.wsmv.com/2024/08/25/woman-killed-motorcycle-crash-charges-expected/
20240567849,2024-08-24,,vehicle,Yes,Interstate,I-40,,MM 220.4,-86.618912,36.162146,1,No,14,,,,Crash still under investigation as person was discovered a few days after crash.,
20240559253,2024-08-23,18:39:00,vehicle,No,Local,Ewing Dr,Gwynnwood Dr,837 Sherwood Cmns Way,-86.792411,36.231489,1,No,2,,,,Eastbound driver A on Ewing Dr was struck by southbound driver B on Gwynnwood at the intersection. Driver B ran the stop sign.,WSMV: https://www.wsmv.com/2024/08/24/charges-anticipated-after-1-woman-killed-two-juveniles-injured-crash-police-say/; Nashville.gov: https://www.nashville.gov/departments/police/news/charges-anticipated-following-fridays-fatal-crash-ewing-drive
20240546206,2024-08-18,21:37:00,motorcycle,No,Interstate,I-40 W,,MM 196/6,-86.968658,36.075369,2,No,35,,,,"Eastbound driver A went off the road, crossed the grass median and entered the westbound travel lanes where a motorcyclist struck the passenger side read door. Motorcyclist and child near the rear passenger door died. In total three children all under 10 year were in back seat with only one booster seat.",Nashville.gov: https://www.nashville.gov/departments/police/news/driver-arrested-vehicular-homicide-following-double-fatal-crash-i-40
20240541797,2024-08-16,13:31:00,motorcycle,No,State Route,Clarksville Pk,,4335 Clarksville Pk,-86.8370243,36.2195299,1,No,1,,,,,WSMV: https://www.wsmv.com/2024/08/17/clarksville-motorcyclist-killed-crash-clarksville-pike/
20240541420,2024-08-16,09:42:00,pedestrian,No,Local,Lucas Ln,,"130 W Trinity Ln, Nashville, TN 37207",-86.771625,36.2058658,1,No,2,,,,Driver was traveling south on Lucas Ln when they struck a truck driver-turned-pedestrian who had just exited their vehicle parked on the east side of the road and was crossing to the gas station on the west side.,
20240539372,2024-08-15,15:59:00,vehicle,Yes,Local,Clarksville Pk,,4300 Clarksville Pk,-86.8360807,36.2194771,1,No,1,,,,"Driver A was traveling north on Clarksville Pk when they veered off the road, onto the sidewalk and then went down an embankment. They struck a tree and came to a stop. Driver was not belted and it is unknow why they lost control.",WSMV: https://www.wsmv.com/2024/08/16/driver-dies-after-crashing-into-tree-off-clarksville-pike/
20240529973,2024-08-11,23:06:00,vehicle,No,Local,Charlotte Pk,Old Hickory Blvd,"7354 Charlotte Pike, Nashville TN 37209",-86.9228325,36.1173944,2,No,35,,,,"Driver A was traveling east on Charlotte Pk when they we struck (t-boned) by driver B traveling south on Old Hickory Blvd. The intersection was in the flash state, with flashing yellow on Charlotte and flashing red on OHB. Driver A was unbelted and is deceased, alcohol is suspected for driver B.",
20240518592,2024-08-06,19:17:00,bicycle,No,Local,Jocelyn Hollow Rd,Robin Hill Rd,234 Robin Hill Rd,-86.8880837,36.1026496,1,No,23,,,,Bicyclist were traveling north on Robin Hill Rd when they struck the passenger side of a vehicle going through the intersection with Jocelyn Hollow Rd.,
2024-0512306,2024-08-03,23:32:00,vehicle,No,Local,Gallatin Pk,Cude Ln,1847 Gallatin Pike N,-86.6965609,36.299229,2,No,10,,,,Intersection of Gallating Pk N and Cude Ln was in flash (red for Cude & yellow for Gallatin). Driver A traveling south on Gallatin entered the intersection and was struck on the passenger side by driver B. Driver A and two passengers did not wear seatbelts and the passengers passed on. Alcohol is suspected for driver B,
20240511867,2024-08-03,17:58:00,vehicle,No,Local,Knight Dr,Ewing Dr,678 Ewing Dr,-86.8029412,36.2314631,1,No,2,,,,Driver A was traveling west on Ewing Drive wherre they ran a stop sign and attempted a left turn at the intersection with Knight Dr. Driver B was traveling north on Knight Dr. and braked before ultimately striking vehicle A on the driver side. Driver A is deceased and a child passenger in the back seat has life threatening injuries.,WSMV: https://www.wsmv.com/2024/08/04/2-vehicle-crash-leaves-1-dead-toddler-with-critical-injuries-two-others-injured/
2024-0510128,2024-08-02,20:03:00,pedestrian,No,State Route,Murfreesboro Pk,segment,2305 Murfreesboro Pike,-86.6486336,36.0855823,1,No,28,,,,"Pedestrian was crossing Murfreesboro Pk south of the intersection with Una Antioch Pk, from west to east when they were struck by a vehicle traveling south in the inside line. Lighting is considered a factor in the crash.",
2024-0505395,2024-07-31,21:50:00,vehicle,No,Interstate,I-40 W,,MM 204.2,-86.86127,36.151548,1,No,20,,,,Driver A was 'stopped' in a traffic and and was rear-ended by driver B.,
2024-0494385,2024-07-26,21:10:00,vehicle,No,State Route,Lafayette St,Claiborne St,30 Claiborne St,-86.761643,36.148088,1,No,17,,,,Driver A was turning left from Claiborne St to Lafayette when they were t-boned by driver B who ran a red light on Lafayette St. Driver A was belted while driver B was not. Both sustained life threatening injuries.,Nashville.gov: https://www.nashville.gov/departments/police/news/vehicular-homicide-suspect-arrested-illinois-tuesday
2024-0494381,2024-07-26,21:10:00,motorcycle,No,Local,Clarksville Pk,,2817 Clarksville Pike,-86.8230015,36.1883596,1,No,21,,,,"Motorcyclist A was 'parked' in the center southbound lane of traffic just south of the Dr. MLK Memorial bridge, and behind another motorcyle that had broken down. Mototrcycle B had no rider. Vehicle C traversed the bridge and struck Motorcyle A with its rider still on, who sustained life threatening injuries.",
20240491332,2024-07-26,16:48:00,vehicle,No,Interstate,I-65 N,,MM 78,-86.765873,36.077901,1,No,25,,,,,
2024-0482076,2024-07-21,20:45:00,pedestrian,No,Local,Myatt Dr,Roosevelt Ave,300 Myatt Dr,-86.6902293,36.26957,1,Yes,9,,,,Driver A was traveling north on Myatt Dr when they struck a motorized pedestrian in the inside lane. No marked crosswalk at this intersection and driver A fled the scene. The collision sent the pedestrain outside the roadway to the north-east corner of the intersection.,
2024-0480463,2024-07-20,21:53:00,pedestrian,No,Local,Gallatin Pk,Walton Ln,1500 Gallatin Pike S,-86.7245471,36.2386308,1,No,7,,,,"Driver A was traveling southbound on Gallatin Pk S when they struck a pedestrian south of the intersection with Walton Ln. Initial reports state both vehicle A and the pedestrian were in the outside lane. Status of the signal is unknown, lighting is reported as functioning.",
24-0455238,2024-07-10,02:17:00,vehicle,No,Local,Bell Rd,Mt View Rd,5319 Mt View Rd,-86.648413,36.0498487,1,No,32,,,,Driver A was travelling south on Bell Rd when they ran over the curb on the right side of the road and veered to the left side of the road. They then entered the intersection with Mt View Rd and crossed over into the northbound lanes where they struck vehicle B.,
20240448359,2024-07-07,02:37:00,vehicle,Yes,Interstate,I-24W,,exit 54,-86.720488,36.108819,1,No,16,,,,"Driver A is suspected to have been racing another vehicle when they decided to take the exit ramp 54 on I-24W at speed. Driver missed the ramp and lost control, went airborne and ending up in the grassy median. The passenger in the vehicle passed on in the hospital.",
20240448075,2024-07-06,22:50:00,pedestrian,No,State Route,Murfreesboro Pk,Ransom Pl,2244 Murfreesboro Pike,-86.6490563,36.0886097,1,Yes,29,,,,Two vehicles were traveling east on Murfreesboro Pk near Ransom Pl. when the vehicle in the inside lane struck a pedestrian who was also struck by the second vehicle. Speeding is suspected for the first impact driver.,
20240444081,2024-07-04,19:19:00,vehicle,No,Interstate,I-40 E,,MM203.6,-86.879477,36.14586,1,No,20,,,,"Driver A was traveling east on I-40 E when they lost control in the heavy rain and struck the concrete center median and came to rest in lane 2. Driver A then went to check on the toddler in the back(car) seat when vehicle A was struck by vehicle B, ejecting driver A from the vehicle. Driver A was pronounced deceased.",
20240437674,2024-07-02,07:51:00,vehicle,No,Interstate,I-24 W,,MM 62.8,-86.618993,36.013152,1,No,33,,,,Driver A is suspected to have been distracted when they ran into the back of vehicle B that was stopped due to slow traffic. Subsequent collisions occured with vehicles C & D. Driver B is deceased.,Nashville.gov: https://www.nashville.gov/departments/police/news/driver-indicted-following-fatal-crash-i-24-last-july
2024-01446,2024-07-01,15:10:00,vehicle,No,Interstate,Vietnam Veterans,Conference Dr,,-86.6987876,36.3137053,1,No,10,,,,,
20240399359,2024-06-15,21:04:00,pedestrian,No,Local,E Thompson Ln,Lawndale Dr,308 E Thompson Ln,-86.7125263,36.1250911,1,Yes,16,,,,Driver A was traveling north on E Thompson Ln when they struck a pedestrian crossing at the intersection of Lawndale Dr. The crossing is unmarked and poor lighting was a factor in the crash. Driver fled the scene and has not yet been identified.,
20240396210,2024-06-14,05:05:00,vehicle,No,Local,Old Hickory Blvd,Hadley Ave,1700 Hadley Ave,-86.6482242,36.2532,1,No,11,,,,"Two norhtbound vehicles were stopped at a red light on Old Hickory Blvd at the intersection with Hadley Ave, one behind the other. A truck driver failed to stop in time and ran into one vehicle tha in turn was pushed into the vehicle in front of it.",
20240373422,2024-06-04,21:45:00,pedestrian,No,State Route,Murfreesboro Pk,,"448 Murfreesboro Pike, Nashville, TN 37210",-86.7452462,36.1431206,1,Yes,17,,,,,
202401200,2024-06-03,,vehicle,No,Interstate,I-65 N,,MM95.6,-86.70807,36.303954,1,No,10,,,,,
20240365792,2024-06-01,11:10:00,vehicle,Yes,Interstate,I-24/I-65,,,-86.7761566,36.1945358,1,No,2,,,,"Driver was navigating a curve from I-65 to I-24 when they exited the road, entered the grass median and traveled for ~200ft before 'falling off a cliff', and coming to rest with the vehicle upside down. Narrative nto completely clear.",WSMV: https://www.wsmv.com/2024/06/01/1-killed-toddler-adult-injured-crash-i-65-north-downtown-nashville/
20240364329,2024-05-31,18:14:00,motorcycle,No,Local,Myatt Dr,,665 Myatt Dr,-86.6947792,36.2934118,1,No,10,,,,Motorcyclist was traveling north on Myatt Dr in the inner lane when they struck a SB left turning vehicle. The driver of the vehicle stated that another vehicle in the outer NB had stopped to allow them to safely make the left turn.  The also stated that they had seen the motorcyle appraoching but estimated that they had enough time to safely make the left turn.,
20240351361,2024-05-26,18:25:00,motorcycle,Yes,Interstate,I-24/I-440 W,,,-86.7649457,36.1209205,1,No,26,,,,"Motorcyclist was  traveling on I-24W attempting to maneuver the ramp to I-440W when they failed to negotiate the curve, veered right and hit the guardrail before coming to a stop in the travel lanes. Speeding is not suspected.",
20240349823,2024-05-25,18:33:00,motorcycle,No,Interstate,I-24 E,,,-86.726937,36.133238,1,Yes,16,,,,"A motorcylist was traveling east on I-24E during stop and go traffic. They were attempting to pass other vehicles between lanes when a vehicle ahead suddenly changed lanes, ending up sideswiping the motorcyclist and 'ejecting' them from the motorcycle. The motorcyclist then hit a second vehicle. The first vehicle left the scene.",
20240347351,2024-05-24,12:57:00,vehicle,No,Local,Wheless St,14th Ave N,1631 14th Ave N,-86.806071,36.177511,1,No,21,,,,"Driver A was traveling north on 14th Ave N when they were struck by driver B at the intersection with Wheless St. Driver B is reported to have had a medical episode prior to running the stop control, at an alleged high speed. Driver B later succumbed to their injuries on 6/7/2024.",
20240329495,2024-05-16,23:40:00,motorcycle,No,Interstate,I-40 W,,Exit 215B,-86.696829,36.144142,1,Yes,13,,,,"A groupd of motorcyclists was attempting to exit I-40W at 215B when a a truck cut of one of the motorcycle riders, striking them and forcing them off the motorcycle. The truck did not stop (hit and run) and the motorcycle was further struck by an SUV which was part of their entourage.",
24-0326599,2024-05-16,02:38:00,vehicle,No,Interstate,I65 N,Vietnam Veterans Pkwy,,-86.700289,36.306411,1,No,10,,,,,
20240316353,2024-05-11,18:03:00,motorcycle,No,Local,Darbytown Dr,,1131 Darbytown Dr,-86.7608438,36.2668763,1,No,3,,,,Two 14 year old's were alternating operating an unlicensed ATV and doing donuts. They then rode east on Darbytown Dr between Thackery Dr and Oxbow Dr where a westbound SUV driver said he observed them 'weaving' on the road. The pair on the ATV struck the SUV where the back-riding passenger was thrown onto the SUV. The riders were not wearing helmets.,Tennessean: https://www.tennessean.com/story/news/crime/2024/05/20/nashville-man-charged-after-atv-crash-killed-14-year-old-daughter/73777112007/
20240302046,2024-05-06,06:31:00,vehicle,Yes,Interstate,I-40 E,,MM 193/4,-87.006015,36.077289,1,No,35,,,,Narrative unknown at the moment. Driver left interstate roadway and entered center median where they traveled for ~300ft before striking the digital message board sign post.,
202400974,2024-05-06,,vehicle,No,Interstate,I-65,,MM 00 Vietnam Veterans Blvd,-86.710647,36.300901,1,No,10,,,,,
20240296385,2024-05-02,23:23:00,pedestrian,No,State Route,Murfreesboro Pk,Brooksboro Trc,2350 Murfreesboro Pike,-86.6467965,36.0841571,1,No,29,,,,"driver A was traveling north on Murfreesboro Pk near the intersection with Brooksboro Terrace when they struck a pedestrian crossing from west to east, on the south side of the intersection. There is a crosswalk on the north side of the intersection and sidewalk coverage is only on the east side of Murfreesboro. Lights were on but it's unknow if it is adequate.",
20240288247,2024-04-29,23:18:00,vehicle,No,Interstate,I-40,,MM 215.6,-86.694655,36.144233,1,No,13,,,,Multiple vehicle crash during adverse weather (rain). One of the drivers involved had exited the their vehicle when another vehicle struck their vehicle which in turn struck the then pedestrian driver.,
20240285803,2024-04-28,23:48:00,vehicle,Yes,Interstate,I-24,,,-86.703125,36.089739,1,No,30,,,,Incomplete narrative that is dependent on crash location.,WSMV: https://www.wsmv.com/2024/12/01/man-arrested-7-months-after-fatal-i-24-crash-nashville/
20240285186,2024-04-28,15:48:00,motorcycle,No,State Route,Briley Pkwy W,I-65 ramp to Briley,,-86.758087,36.241789,1,No,3,,,,"Motorcyclist was exiting I-65 S to get to Briley Pkwy through the ramp. They struck a vehicle traveling west on Briley and came to rest on the grassy shoulder between two on-ramps, with the motorcyclist having been run over and stuck under the vehicle.",WKRN: https://www.wkrn.com/news/local-news/nashville/77-year-old-motorcyclist-killed-in-crash-along-briley-parkway/
20240282035,2024-04-26,18:31:00,motorcycle,No,Local,Broadway,,1101 Broadway,-86.7866936,36.156342,1,No,19,,,,Motorist was traveling east on Broadway at high speed when they struck a vehicle exiting the gas station driveway.,
20240272935,2024-04-15,21:23:00,pedestrian,No,Interstate,I-24,,,-86.783979,36.248181,1,Yes,1,,,,"Driver is believed to have been involved in a single vehicle crash on Briley Pkwy on 4/15. He then left the scene when he became tired of waiting for someone to respond, and walked onto I-24 E where they most likely were hit by another vehicle that left the scene. They were reported missing on 4/19 and located on 4/23.",WSMV: https://www.wsmv.com/2024/04/24/body-missing-man-found-side-i-24-after-apparent-hit-and-run-crash/
20240251072,2024-04-14,01:28:00,pedestrian,No,Local,Gallatin Pk,Marion Ave,"3904 Gallatin Pike, Nashville, TN 37216",-86.7290195,36.215912,1,Yes,7,,,,Driver A was traveling north on Gallatin Pk when they struck a pedestrian attempting to cross near the intersection with Marion Ave. The driver was speeding and they left the scene. Lighting was deemed to be functional at this location.,
20240241316,2024-04-10,02:30:00,vehicle,Yes,Interstate,I-24,,561 Metroplex Drive,-86.705961,36.093617,1,No,30,,,,"Driver was traveling west on I-24 when they left the roadway and crossed the paved shoulder, grass area and into shrubs that formed the back fence of 561 Metroplex DR.",Nashville.gov: https://www.nashville.gov/departments/police/news/man-dies-early-morning-crash-i-24-near-harding-place-exit
20240235151,2024-04-07,14:48:00,motorcycle,Yes,Local,Natchez Trace Pkwy,,8456 TN-100,-86.9729694,36.034937,1,No,35,,,,"Two motorcyclist were traveling north on Natchez trace Parkway when one failed to negotiate the curve at the ramp to get onto Highway 100, and exited the roadway and hitting the trees by the roadside. The other motorcyclist called for help. Speed is suspected to be a contributing factor.",
20240210225,2024-03-27,22:05:00,pedestrian,No,Local,Smith Springs Rd,,500 Castlegate Dr,-86.6154732,36.0889319,1,No,29,,,,Driver A was traveling west on Smith Springs Rd when they struck a pedestrian walking on the right side of the road. Street lights were present but not functional and no indication of impairment from either driver or pedestrian.,
20240206787,2024-03-26,20:07:00,pedestrian,No,Local,Broadway,,1111 Broadway,-86.7868572,36.1565727,1,No,19,,,,Driver A was traveling west on Broadway when they struck a pedestrian who appeared to be dancing 'in the middle of Broadway' Broadway prior to the impact. The pedestrian had attempted to complete crossing at the time of impact. Impairment is not suspected on either party.,
20240179058,2024-03-14,22:32:00,pedestrian,No,Local,Gallatin Pk,Emmitt Ave,819 Gallatin Pike S,-86.7161914,36.2534386,1,No,7,,,,Driver A was traveling north on Gallatin Pk near the intersection with Emmitt Ave when a pedestrian darted into the road. Driver had right of way and pedestrian crossed north of the sole existing crosswalk at this intersecdtion.,
20240157956,2024-03-06,17:52:00,vehicle,No,Local,Whites Creek Pk,N/A,4129 Whites Creek Pk,-86.8294037,36.2575032,1,No,1,,,,Driver A was traveling south on Whites Creek Pk when they crossed the double yellow solid lines and struck vehicle B head-on.,WSMV: https://www.wsmv.com/2024/03/07/man-killed-head-on-crash-whites-creek/
20240147054,2024-03-02,03:37:00,vehicle,No,Local,Antioch Pk,N/A,"1059 Antioch Pike, Nashville, TN 37211",-86.7110356,36.0974424,1,No,16,,,,"Driver A was traveling SE on Antioch Pike near the overpass above I-24 when they crossed the doubl-yellow line adn struck vehicle B head-on. Impairment is suspected for driver A, and both driver A, driver B and passenger B did not wear seatbelts.",
20240135334,2024-02-26,22:30:00,vehicle,Yes,Local,Highway 70/Charlotte Pk,N/A,8505 Highway 70,-86.9955821,36.0912383,1,No,35,,,,"Driver A was traveling west on Highway 70 at high speed when they failed to negotiate a curve, left their travel lane and enetered the opposing lane. The driver then exited the road and struck a utility pole  on the south side. Alcohol is suspected to also be a contributing factor.",
20240111884,2024-02-17,22:39:00,vehicle,No,Local,Woodland St,S 1st St,19 S 1st St,-86.7728613,36.1713378,3,No,19,,,,"Driver A evaded a police officer stop nearby, and was traveling east on Woodland at high speed when they ran a red light and struck vehicle B traveling south on S 1st St. Driver B had the right of way, and alcohol and drugs are suspected as a factor for driver A. Driver A and passenger B were pronounced deceased at the scene. A passenger in vehicle A also succumbed to their life threatening injuries later in the hospital.",
20240094830,2024-02-11,06:45:00,vehicle,No,State Route,Bell Rd,Brittany Park Drive,"1446 Bell Rd, Nashville, TN 37211",-86.6800834,36.0468335,4,No,31,,,,"Driver A was traveling west on Bell Rd when they lost control attempting to negotiate a curve in the road (while wet) and veered into opposing traffic going east. Driver B was traveling east on Bell Rd. Driver A entered the east bound travel lanes and struck vehcile B. All four occupants of vehicle A died, two of whom wore their seatbelts while the other two were not. There were several open alcoholic containers in vehicle A and alcohol is suspected.",
20240092721,2024-02-10,01:49:00,pedestrian,No,Local,Cheyenne Blvd,,600 Cheyenne Blvd,-86.6766897,36.2579174,1,Yes,9,,,,"A domestic dispute broke out in the adjacent apartment complex before one idsputing party get in their vehicle to drive away, and the other jumped on their hood. The driver drove slow out of the apartment complex and even turning slow onto Cheyenne. At that point, the disputing party on the hood rolled off the car and onto the road/shoulder and the car drove off. While the remaining party was getting up off the street, a vehicle hit them.",
20240085240,2024-02-07,12:59:00,vehicle,No,Local,Nolensville Pk,Wallace Rd,4190 Nolensville Pk,-86.7250941,36.0776638,1,No,30,,,,Driver A was traveling north on Nolensville Pk when they ran a red light and struck driver B who was attempting to make a left turn from Wallace Rd onto Nolensville SB.,
20240094364,2024-02-07,06:39:00,pedestrian,No,Local,Harding Pl,Linbar Dr,"371 Harding Pl, Nashville, TN 37211",-86.7056211,36.0839236,1,No,30,Carly Shea,32,,"Carly Shea was killed while walking her bicycle across Harding Place. The driver was charged with a misdemeanor offense for failing to yield. Carly was described by her mother as optimistic, giving, friendly, and eager to help anybody even when she needed help herself. Carly was just 32 years old.",WSMV: https://www.wsmv.com/2024/02/14/woman-killed-crossing-harding-place-remembered-her-kindness/
20240070617,2024-02-01,22:52:00,pedestrian,No,Local,Bell Rd,Cane Ridge Rd,"1100 Bell Rd, Antioch, TN 37013",-86.6620868,36.0443086,1,Yes,33,,,,Driver A was traveling 'east' on Bell Rd when they struck a pedestrian as they entered the center turn lane to attempt a left turn onto Cane Ridge Rd. Driver B who was traveling 'west' then struck the pedestrian and pulled into a nearby Home Depotparking lot before fleeing the scene. Driver A made the left turn and pulled into a gas station to inspect their vehicle unaware that the 'something' that they had hit was a pedestrian. Driver A then notified MNPD of their location.,
20240068776,2024-02-01,05:45:00,pedestrian,No,Local,W Trinity Ln,,"234 W Trinity Lane, Nashville, TN 37207",-86.779102,36.2064637,1,No,2,,,,Driver A was traveling east on W trinity lane in the right turn lane when they struck a pedestrian. Investigation pending.,
20240058937,2024-01-28,03:56:00,vehicle,No,Local,Old Murfreesboro Pike,,"1823 Old Murfreesboro Pike, Nashville, TN 37217",-86.6596903,36.1002827,1,No,28,,,,Driver A was travelling east on Old Murfressboro Pike when they crossed the solid double-yellow line and struck vehicle B in which both driver and passenger were wearing seatbelts as well as a child secured in a car seat in the back seat. The vehicles colided head on and passenger B was pronouced deceased.,
20240049513,2024-01-24,06:00:00,vehicle,No,State Route,Harding Place,Tampa Drive,"379 Harding Pl, Nashville, TN 37211",-86.7105485,36.0826695,1,No,30,,,,Driver A was travelling west on harding place near Tampa drive when they struck driver B travelling north on Tampa drive. Details unclear.,
20240026696,2024-01-12,10:50:00,vehicle,No,Local,Old Hickory Boulevard,,"277 Old Hickory Blvd, Nashville, TN 37221",-86.9197535,36.0808529,1,No,22,,,,Driver A was travelling south on Old Hickory Blvd when they lost control and entered the northbound lane where vehicle B struck vehicle A on its passenger broadside. Passenger in vehicle A had to be sxtricated from the vehicle and later succumbed to her injuries at the hospital.,
20240021985,2024-01-10,18:57:00,vehicle,No,Local,Gallating Pike S,Walton Lane,"1500 Gallatin Pike S, Madison, TN 37115",-86.7245471,36.2386308,1,Yes,7,,,,"Driver A was travelling south on Gallatin Pk S near the intersection with Walton Ln when driver B, who was travelling north on Gallatin Pk S, attemped a left turn onto Walton Ln. Driver A crashed their vehicle on the broadside of vehicle B whose driver was not wearing their seatbelt. Driver A, who is likely to have run a red light (based on camera footage), left the scene. Further investigation will determine if driver B also ran a red light.",
20230779272,2023-12-30,17:58:00,pedestrian,No,State Route,Lafayette Street,Lincoln Street,"125 Lafayette St, Nashville, TN 37210",-86.7606835,36.1480689,1,Yes,17,,,,Driver A was travelling west one Lafayette when pedestrian B was crossing Lafayette near Lincoln at an unmarked crossing. Driver A struck pedestrian B and continued to leave the scene. Pedestrian B was vaulted onto the sidewalk. Vehicle A was found abandoned in the neighborhood just north of crash site (Napier),
20230766694,2023-12-23,05:47:00,pedestrian,No,Local,Lebanon Pike,Wellington Square,3040 Lebanon Pk,-86.6461827,36.1766841,1,No,14,,,,Pedestrian was encouraged by Nashville Fire Department crew to leave the roadway before he refused. He was shortly afterwards struck by vehicle A travelling northbound on Lebanon Pk near Medical Dr. Vehicle B also struck the pedestrian but left the scene while vehicle A turned around and came back to the scene.,
20230760895,2023-12-20,15:30:00,vehicle,Yes,Local,Rio Vista Dr,,333 Rio Vista Dr,-86.6835512,36.2685115,1,No,9,,,,"Driver A was traelling east on Rio Vista Drive near 33 Rio Vista when the vehicle went off the road, rolled over and struck several trees.",
20230753212,2023-12-17,02:55:00,vehicle,Yes,State Route,Nolensville Pike,Polk Ave/Woodycrest Ave,intersection(s),-86.7549319,36.1301205,2,No,16,,,,"Driver A was travelling north on Nolensville Pike at high speed when it went through the intersection with polk ave, and veered off to the right where it hit a utility pole. The vehicle rolled on to its roof and caught fire. Both the driver and their passenger died at the scene of the crash.",
20230742830,2023-12-12,14:28:00,vehicle,No,Local,Michigan Avenue,,5008 Michigan Avenue,-86.8482827,36.1590556,1,Yes,20,,,,Driver A was evading law enforcement when a traffic stop attempt was initiated on Morrow Rd near the alleyway between Michigan Ave & Kentucky Ave.  Driver then turned onto Michigan Ave near the house at 5400 Michigan Ave and drove at high speed going east. Driver A ran the stop sign and drove through the intersection where driver B who was going south on 51st Ave S hit the back of vehicle A. Vehicle A lost control and hit a utility pole near 5008 Michigan Ave. The passenger in vehicle A was not wearing their seatbelt and sustained fatal injuries while driver A ran away from the scene.,
20230739014,2023-12-10,22:20:00,vehicle,No,Local,Peachtree St,,314 Peachtree St,-86.746671,36.1205521,1,No,16,,,,Driver A was parked in-street in the eastbound travel lane of Peachtree Street near 314. Driver B was travelling westbefore they crossed the center double-yellow and hitting vehicle A. Both vehicles were forced of the road where they hit a street sign. Traffic calming measures (cushions) were recently installed on this road near 316 Peachtree St.,
20230737516,2023-12-09,23:02:00,vehicle,No,Local,Gallatin Pike,Chester Avenue,intersection,-86.743005,36.195058,1,No,6,,,,"Driver A was travelling north on Gallatin Pike near the intersection when driver B, who was travelling south, attempted to make a left turn onto Chester Ave. Driver A struck vehicle B on the broadside. Driver B was not wearing their seatbelt.",
20230735610,2023-12-08,22:22:00,vehicle,Yes,State Route,Charlotte Ave,23rd Ave N,intersection,-86.80977,36.1557468,1,No,21,,,,"Driver A was travelling east on Charlotte Ave when they crossed the 2-way left turn lane and the two westbound lanes, went over the curb and hit a utility pole. The driver was not wearing their seatbelt.",
20230735571,2023-12-08,19:55:00,motorcycle,No,Local,Dickerson Pike,Oak Valley Drive,3112 Dickerson Pike,-86.7596873,36.2304979,1,No,2,,,,Motorcyclist was riding south on Dickerson Pike at high speed when driver A was pulling out of a driveeway near the intersection. The motorcyclist hit the brakes and laid the motorcycle down as it hit vehicle A. The motorcyclist and motorcycle hit different parts of vehicle A and the motorcycle travelled approximately 100 yards after impact. Driver A was not wearing their seatbelt.,WSMV: https://www.wsmv.com/2023/12/09/motorcyclist-dies-crash-dickerson-pike/
20230735142,2023-12-08,15:53:00,vehicle,No,Local,Springfield Highway,,1569 Springfield Highway,-86.7435713,36.3728756,1,No,10,,,,Driver A was travelling north on Springfield Highway in the outside lane while driver B was travelling south in the inside lane. Driver B ultimately crossed the 2-way left turn and the inside NB lane and struck the driver side of vehicle A. Driver A had seen driver B and tried to swerve right thus exposing their driver side to direct impact.,
20230723343,2023-12-03,22:21:00,pedestrian,No,Local,Nolensville Pk.,,2802 Nolensville Pk,-86.7453769,36.1130267,1,Yes,16,,,,Driver of a white Dodge Charger/Challenger was travelling north on Nolenville just past the intersection with Thompson Ln. when they struck a pedestrian crossing from the west to the east. The driver was going at high speed..,
20230721856,2023-12-02,22:45:00,pedestrian,No,Local,Dr. DB Todd Jr Blvd,,1733 Dr. DB Todd Jr. Blvd.,-86.8106382,36.1784384,1,Yes,21,,,,Nature of crash is unknown. A pedestrian was found in the lying across the southbound lane/bike lane near the driveway at 1733. A nearby officerwas flagged at 10:45pm. sidewalk is present on eaither side of the street and street lights were working.,
20230721607,2023-12-02,20:06:00,pedestrian,No,Local,East Thompson Ln,Lawndale Dr.,intersection,-86.713465,36.1255202,1,No,16,,,,"Driver was travelling east on Thompson Lane when he struck a pedestrian near the intersection with Lawndale Dr. There is a sidewalk on the south side of Thompson Ln., and a crosswalk ~765ft east at the intersection with Murfreesboro Pk. Open frontage on the south side of Thompson Ln. cuts off ~330ft of sidewalk.",
20230696874,2023-11-21,01:04:00,vehicle,No,Interstate,I-40 West,,MM 211/4,-86.755794,36.153067,1,No,15,,,,"Driver was travelling at high speed on I-40W during rainy conditions and lost control, crossing multiple lanes and getting stuck under a semi-trailer's tires. The driver was pronounced dead on the scene.",
20230694947,2023-11-20,08:04:00,vehicle,No,Local,Murfreesboro Pk,,"2570 Murfreesboro Pike, Nashville, TN 37217",-86.6391856,36.0771522,1,No,29,,,,Driver A attempted a left turn from Noah's Landing apartments onto Murfreesboro Pike when driver B traveling north on Murfreesboro Pike hit driver A on the car's broadside.,
20230694402,2023-11-19,11:51:00,vehicle,No,State Route,Bell Rd,,Harris Hills Ln.,-86.686437,36.044842,1,No,31,,,,"Driver A travelling west on Bell Rd hit a curb on the right and drove over the sidewalk, overcorrected and crossed two WB lanes and the left turn lane. Driver A crossed into the EB lanes at a near perpendicualr angle and driver B travelling east hit driver A's vehicle on the broadside.",
20230688043,2023-11-16,07:06:00,motorcycle,No,State Route,Murfreesboro Pike,Lavergne Couchville Pike,intersection,-86.5904617,36.0283525,1,No,8,,,,Driver attempted a left from the middle of the intersection and drove across the inside through lane where a motorcyclist was entering the intersectioon on the WB-EB green. The motorcyclist hit the broadside of the driver's vehicle.,
20230683655,2023-11-15,06:00:00,vehicle,Yes,Local,Massman Dr,Massman manor Drive,intersection,-86.7003592,36.1326173,1,No,13,,,,"Driver travelling north along Massman Dr. at high speed attempted to pass a WeGo bus by going into the oncoming lane while the bus was negotiating a curve in the road. The driver then lost control, the vehicle fishtailed and the driver overcorrected the ishtail to the opposite direction, went over a curb and travelled sideways on the grass before hitting a tree and coming to a stop.",
20230680038,2023-11-13,18:04:00,motorcycle,No,State Route,West End Ave,Murphy Rd,"3395 West End Ave, Nashville, TN 37203",-86.8190747,36.1393643,1,Yes,18,,,,Driver turning left into Exxon from West End Ave hit motorcycle traveling west on West End. Motorcycle ran red light and was traveling at high rate of speed. Motorcycle driver died.,
20230677763,2023-11-12,16:15:00,vehicle,No,Local,E Trinity Ln,,936 E Trinity Ln,-86.7475183,36.2040499,2,No,5,,,,"Driver pulling out of MNPD east precinct didn't realize the speed of a driver on trinity Ln, pulled out, and hit the side of the car. Car on Trinity Ln was traveling 113 mph and slowed to 81 mph immediately before the crash.",WSMV: https://www.wsmv.com/2023/11/13/2-dead-after-crash-with-off-duty-officer-metro-police-say/
20230676996,2023-11-12,04:06:00,pedestrian,No,Interstate,I 24,,MM 56.4,-86.695447,36.078227,1,Yes,30,,,,Pedestrian struck and killed on I-24.,
20230672245,2023-11-09,19:46:00,pedestrian,No,Local,Linbar Dr,,"5211 Linbar Dr, Nashville, TN 37211",-86.6959513,36.075709,1,Yes,30,,,,"Two pedestrians walking along Linbar Drive struck by driver. Poorly lit, no sidewalks. The pedestrian who suffered life-threatening injuries passed away 01/12/2024.",
20230669466,2023-11-08,18:19:00,pedestrian,No,Local,Dickerson Pk,,"2710 Dickerson Pike, Nashville, TN 37207",-86.763791,36.2168711,1,Yes,2,,,,"Northbound driver struck pedestrian in a lane of travel. Pedestrian was thrown into southbound lanes and struck again. Southbound driver stopped. Nearest marked crosswalk ~1,200 ft away. Nearest signaled crossing ~1,800 ft away.",WPLN: https://wpln.org/post/police-are-searching-for-hit-and-run-drivers-after-a-deadly-month-for-nashville-pedestrians/
20230667461,2023-11-08,01:03:00,pedestrian,No,Local,Green St,Fairfield Ave,"91B Green St, Nashville, TN 37210",-86.756182,36.1524,1,Yes,17,,,,Hit and run. No witnesses. Intersection is poorly lit.,
20230659251,2023-11-04,02:08:00,vehicle,No,State Route,Nolensville Pk,Harding Pl,Intersection,-86.7262311,36.0795575,1,No,30,,,,Driver traveling north on Nolensville Pk ran the red light and struck a car traveling west on Harding Pl. Driver of second car died after her car caught fire.,
20230653254,2023-11-01,18:40:00,pedestrian,No,Local,Thompson Ln,,"618 Thompson Ln, Nashville, TN 37204",-86.7541027,36.111553,1,Yes,16,,,,"Pedestrian crossing Thompson Ln near 618 Thompson Ln struck by driver in outside westbound lane. Other drivers also hit the pedestrian after the initial crash. Signaled intersection, no ped signals or crosswalks. Sidewalks on 3 of 4 corners. Bus stop at intersection.",
20230647089,2023-10-30,05:46:00,pedestrian,No,State Route,Murfreesboro Pk,E Thompson Ln,,-86.7110172,36.1267462,1,Yes,13,,,,Pedestrian found in grass median. Believed to be in inside outbound lane when struck. Nearest crosswalk ~80-ft away. Raining.,
20230646867,2023-10-30,01:07:00,vehicle,Yes,Local,Gallatin Pk,,2360 Gallatin Pk,-86.6795025,36.3102293,1,No,10,,,,"Eastbound driver failed to negotiate curve and left roadway starting at Academy Sports, struck a utility pole, and rolled. Speed likely a factor. Final rest of car at StorPlace Self Storage.",
20230627030,2023-10-21,00:59:00,vehicle,No,State Route,Lebanon Pike,Jackson Downs Blvd,"3150 Lebanon Pike, Nashville, TN 37214",-86.6410591,36.1823883,1,No,14,,,,Driver attempted left turn from Lebanon Rd onto Jackson Downs Blvd. Driver traveling east on Lebanon Rd struck passenger side. Turning driver failed to yield.,
20230623727,2023-10-19,19:10:00,pedestrian,No,Local,Harding Pl,I-24,"343 Harding Pl, Nashville, TN 37211",-86.696868,36.0861524,1,No,28,,,,Pedestrian crossing roadway from south to north was struck and killed by a driver traveling east in inside lane.,
20230613979,2023-10-15,22:03:00,vehicle,Yes,State Route,Hwy 100,S Harpeth Rd,,-87.02341,36.025334,1,No,35,,,,Driver traveling north on Hwy 100 crossed oncoming lane and left roadway for unknown reason. Driver died.,
20230612629,2023-10-14,23:46:00,vehicle,Yes,Local,Lebanon Pk,Cedarstone Way,"2900 Lebanon Pike, Nashville, TN 37214",-86.6564015,36.1693539,1,No,14,,,,"Driver traveling west on Lebanon Pk lost control in a curve, left the roadway, and struck a tree. Speed likely a factor - another driver stated the driver passed them at high rate of speed.",
20230610922,2023-10-13,23:24:00,pedestrian,No,Local,Andrew Jackson Pkwy,Old Hickory Blvd,"4000 Andrew Jackson Pkwy, Hermitage, TN 37076",-86.6107403,36.1842945,1,Yes,14,,,,Driver traveling SW on Andrew Jackson in far left turn lane to OHB struck and killed a pedestrian in the turn lane.,
20230602526,2023-10-10,09:34:00,vehicle,No,Local,Bell Rd,Ned Shelton Rd,"2900 Bell Rd, Nashville, TN 37217",-86.629963,36.1082219,1,No,13,,,,Southbound driver drifted into oncoming traffic and hit a semi head on.,
20230598382,2023-10-08,00:17:00,vehicle,Yes,State Route,Murfreesboro Pk,,"2570 Murfreesboro Pike, Nashville, TN 37217",-86.6391856,36.0771522,1,No,29,,,,Driver traveling westbound at high rate of speed lost control and struck a utility pole. Light from utility pole fell and struck car.,
20230598219,2023-10-07,22:33:00,pedestrian,No,State Route,Central Pike,Old Hickory Blvd,"3996 Central Pike, Hermitage, TN 37076",-86.6009901,36.1729709,1,Yes,12,,,,Driver traveling west on Central Pk approaching OHB struck and killed pedestrain standing in turning lane. Very dark intersection per MNPD.,
20230580063,2023-09-28,23:00:00,pedestrian,No,Local,Mountain Laurel Dr,,2609 Mountain Laurel Dr,-86.656885,36.0721675,1,No,32,,,,Truck rolled off tow truck while loading (cable broke) and struck owner.,
20230577523,2023-09-27,22:58:00,vehicle,Yes,Interstate,I 40,MM 208.2,,-86.797669,36.170226,1,No,19,,,,Driver traveling west on I-40 left the roadway for an unknown reason and struck a rock wall. Driver died.,
20230567302,2023-09-23,03:37:00,motorcycle,No,Local,14th Ave N,Wheless St,"1631 14th Ave N, Nashville, TN 37208",-86.806071,36.177511,1,No,21,,,,Motorcycle driver traveling west on Wheless St hit the side of a vehicle traveling south on 14th Ave N. Motorcycle driver died. Wheless St is stop controlled; 14th Ave N is not. Motorcycle driver above limit for alcohol.,
20230564296,2023-09-21,19:43:00,pedestrian,No,State Route,Lafayette Ave,Claiborne St,"115 Lafayette St, Nashville, TN 37210",-86.7614238,36.1482614,1,No,17,,,,Driver traveling west on Lafayette in inside lane struck and killed pedestrian near crosswalk at signaled intersection on east leg. Driver did not remember color of light. Likely non-prosecutable.,Nashville.gov: https://www.nashville.gov/departments/police/news/two-pedestrians-killed-separate-collisions-thursday-night
20230564241,2023-09-21,19:12:00,pedestrian,No,Local,Dickerson Pk,Cleveland St,"837 Dickerson Pike, Nashville, TN 37207",-86.7732015,36.186454,1,No,5,,,,Driver traveling south on Dickerson Pk in inside lane struck and killed a pedestrian crossing from east to west. Larger car in outside lane slowed for the pedestrian and potentially blocked driver's view in inside lane. Moderately well lit. Non-prosecutable.,Nashville.gov: https://www.nashville.gov/departments/police/news/two-pedestrians-killed-separate-collisions-thursday-night
20230557413,2023-09-19,01:32:00,vehicle,Yes,Local,E Thompson Ln,Lawndale Dr,,-86.717667,36.122361,1,No,16,,,,"Southbound driver traveling at high rate of speed left roadway, possibly struck concrete wall, and came to rest in intersection of Thompson and Lawndale. Camera footage of driver driving erratically on Murfreesboro Pk just before crash.",
20230557049,2023-09-18,22:20:00,vehicle,Yes,Local,Harding Pl,,539 Harding Pl,-86.7373078,36.0768489,1,No,26,,,,"Westbound driver traveling at high rate of speed lost control and left roadway, striking a mailbox, 2 culverts, and a telephone pole. Driver died.",
20230552703,2023-09-16,20:07:00,vehicle,Yes,Local,S Hamilton Rd,,1802 S Hamilton Rd,-86.8340939,36.1902448,2,No,1,,,,"Westbound driver left lane of travel, drove through multiple yards, and came to rest against house at 1723 S Hamilton. Driver likely traveling 80+mph per Ring camera footage.",WTVF: https://www.newschannel5.com/news/police-two-dead-in-crash-on-south-hamilton-road
20230551787,2023-09-16,05:34:00,vehicle,No,Local,Haywood Ln,,197 Haywood Ln,-86.693514,36.069553,2,No,30,,,,Head-on collision. Appears that westbound vehicle left their lane. Driver of westbound vehicle and passenger of eastbound vehicle both died.,
20230548060,2023-09-14,14:24:00,vehicle,No,Local,Clarksville Pk,,5020 Clarksville Pk,-86.8481014,36.257703,1,No,1,,,,Southbound driver crossed double yellow line and hit oncoming car head-on.,
20230540883,2023-09-11,16:46:00,vehicle,No,State Route,Hobson Pk,Couchville Pk,"3100 Hobson Pike, Hermitage, TN 37076",-86.5539775,36.0976036,1,No,12,,,,Driver traveling north on Hobson Pk attempted to pass on double yellow lines and hit an oncoming van head-on. Passing driver died. 4 head-on fatalities on Hobson Pk since 2015.,
20230535134,2023-09-08,18:45:00,bicycle,No,State Route,Hwy 100,Harpeth Trace Dr,"7150 TN-100, Nashville, TN 37221",-86.896953,36.070349,1,No,34,,,,"The driver of the pickup truck that killed Alyssa Milligan, 23, in September has been issued two misdemeanor citations: failure to yield and failure to exercise due care. The driver was attempting to change lanes on Highway 100 when his Ford F-150 struck Milligan.  The driver stated he believed he had cleared the group of cyclists before the collision and attempted to render aid. Milligan was a Belmont graduate student and an active member of the local cycling community.",Tennessean.com: https://www.tennessean.com/story/news/local/wilson/mt-juliet/2024/01/02/driver-cited-in-nashville-wreck-that-killed-mt-juliet-cyclist/72085455007/
20230525406,2023-09-04,19:59:00,vehicle,No,State Route,Bell Rd,Brittany Park Dr,,-86.6794234,36.046864,1,No,33,,,,"Intoxicated driver traveling east on Bell Rd failed to negotiate a curve, went into oncoming traffic, and hit an oncoming car. Passenger of second car had life threatening injuries. CAD calls on intoxicated driver driving erratically.",
20230523837,2023-09-03,22:44:00,pedestrian,No,State Route,Lebanon Pk,Sweden Dr,"4200 Lebanon Pike, Hermitage, TN 37076",-86.6168771,36.2022516,1,No,11,,,,"Driver traveling west on Lebanon Pk in inside lane struck and killed pedestrian crossing from south to north. Driver was traveling at high rate of speed per security video - speed is likely contributing factor. Nearest crosswalk ~1,500 ft away.",
20230522980,2023-09-03,10:47:00,pedestrian,No,State Route,Murfreesboro Pk,Philfre Ct,"1009 Murfreesboro Pike, Nashville, TN 37217",-86.7130945,36.1277115,1,No,16,,,,Driver traveling north on Murfreesboro Pk in inside lane hit and killed a pedestrian crossing from east to west. Driver attempted to swerve into median but didn't avoid crash. Nearest crosswalk ~500 ft away. Driver traveling ~40mph.,
20230517532,2023-08-31,17:08:00,vehicle,Yes,Interstate,I 24,MM 60.8,,-86.641941,36.033793,1,No,32,,,,"Driver traveling west on I-24 crossed from lane 4 to lane 1, then possibly back to lane 2. Driver lost control, crossed over all interstate lanes again, and hit a guardrail. Driver died.",
20230507276,2023-08-27,03:51:00,vehicle,Yes,Local,Blue Hole Rd,Tusculum Rd,"5082 Blue Hole Rd, Antioch, TN 3701",-86.671546,36.053891,1,No,32,,,,"Driver traveling north at likely high speed left roadway on left side, struck a fire hydrant and tree, and overturned the vehicle. Driver died.",
20230507230,2023-08-27,02:48:00,vehicle,No,Interstate,I 65 N,MM 89.6,just before Briley Pkwy,-86.760025,36.236887,1,No,2,,,,Driver traveling the wrong way (south) in the leftmost northbound lane hit another driver head-on. Driver traveling north died. Probably entered highway at OHB.,WKRN: https://www.wkrn.com/news/local-news/nashville/greenbriar-woman-killed-in-wrong-way-crash-on-i-65/
20230506706,2023-08-26,20:39:00,pedestrian,No,Local,Dickerson Pk,Hillhurst Dr,"3001 Dickerson Pike, Nashville, TN 37207",-86.7599851,36.2255586,1,No,5,,,,"Driver traveling north on Dickerson Pk just north of Hillhurst Dr attempted to swerve into center turn lane to avoid a pedestrian but couldn't. Pedestrian died. Raining, 3 streetlights out - MNPD submitted to NES.",
20230490602,2023-08-19,04:00:00,pedestrian,No,Local,Daily's Travel Center Alley,,601 Fesslers Ln,-86.745121,36.143853,1,No,17,Richard Broome,,Unhoused,"Richard Broome died Saturday morning after being run over by a tractor-trailer at the Shell travel center on Fesslers Lane.

Investigators report Broome was apparently sleeping between the second and third axles of the parked rig around 4:00 a.m. when the 36-year-old driver pulled forward. The driver felt a bump, stopped, and discovered Broome. Police noted no charges are expected against the driver.",WKRN: https://www.wkrn.com/news/local-news/nashville/pedestrian-sleeping-under-tractor-trailer-killed-after-driver-moves-rig/
20230486562,2023-08-17,15:28:00,motorcycle; vehicle,No,Local,Lebanon Pk,Lynnmeade Dr,"2100 Lebanon Pike, Nashville, TN 37210",-86.7008693,36.1632626,1,No,15,,,,"Motorcycle driver traveling east on Lebanon Pk didn't complete a left turn in the road - probably traveling at high rate of speed. Motorcycle left road, crossed two driveways, and the driver was thrown. Driver died.",
20230467873,2023-08-09,13:53:00,motorcycle,No,Local,Earhart Rd,New John Hagar Rd,Intersection,-86.5692471,36.1590122,1,No,12,,,,Motorcycle (scooter) driver traveling west on New John Hagar Rd ran the stop sign and hit a box truck traveling south on Earhart Rd through the Intersection. Earhart Rd traffic does not have a stop sign. Motorcycle driver died.,
20230448088,2023-07-31,14:55:00,vehicle,No,State Route,Murfreesboro Pk,Pin Hook Rd,3532 Murfreesboro Pk,-86.6149649,36.0534411,1,No,8,,,,"Driver traveling south on Murfreesboro Pk at high rate of speed and weaving went into the center turn lane, then into oncoming lane. Driver sideswiped a car in the turning lane waiting to turn into 3532 Murfreesboro Pk, then hit a tow truck head-on. Passenger of southbound car died.",
20230445945,2023-07-30,09:36:00,motorcycle,No,State Route,Murfreesboro Pk,Knight Valley Dr,1400 Murfreesboro Pk,-86.6900627,36.1151551,1,No,13,,,,Eastbound driver turning left into 1400 Murfreesboro Pk turned in front of westbound motorcycle. Motorcycle driver hit the car in the middle westbound lane and died. Witness said motorcycle was traveling at high rate of speed.,
20230445616,2023-07-30,03:17:00,pedestrian,No,Local,Dickerson Pk,Darbytown Dr,"3840 Dickerson Pike, Nashville, TN 37207",-86.7577698,36.2652108,2,Yes,3,,,,"Driver traveling south on Dickerson hit and killed a pedestrian crossing from west to east. Ped was pregnant - doctors delivered the child, who died as well. Nearest marked crosswalk ~1,400 ft away. No sidewalks. Possible domestic abuse victim - MNPD working on getting video from nearby business.",WSMV: https://www.wsmv.com/2023/07/30/woman-unborn-child-killed-hit-and-run-crash-dickerson-pike-police-say/
20230445541,2023-07-30,02:16:00,vehicle,No,Interstate,I 65,MM 87.8,,-86.776905,36.202465,1,No,2,,,,Driver traveling south on I-65 left travel lane and hit a parked semi truck on the shoulder. Passenger of car died.,WSMV: https://www.wsmv.com/2023/07/30/woman-dies-after-teen-crashes-into-parked-semi-i-65-overnight-police-said/; Nashville.gov: https://www.nashville.gov/departments/police/news/two-vehicle-collision-i-65-near-trinity-lane-claims-passenger
20230436950,2023-07-25,22:31:00,vehicle,Yes,Local,Eatons Creek Rd,Sulpher Creek Rd,"4650 Eatons Creek Rd, Nashville, TN 37218",-86.8678141,36.2326656,1,No,1,,,,Driver traveling north left right side of roadway and ran into a ditch/creek bed. Driver was killed. Exact location unclear - description doesn't appear to match provided address (4700 Eatons Creek Rd).,WSMV: https://www.wsmv.com/2023/07/26/man-dies-joelton-crash/
20230429091,2023-07-21,22:14:00,vehicle,Yes,Local,Briley Pkwy,I 24 W,Exit 18A,-86.783861,36.238482,1,No,3,,,,Driver traveling west on Briley Pkwy tried to take exit 18A to I-24 W and was traveling too fast. Driver left roadway and rolled. Driver died.,
202303109,2023-07-15,08:38:00,vehicle,No,State Route,Donelson Pk,Knapp Blvd,"725 Donelson Pike, Nashville, TN",-86.6717644,36.1086941,1,No,13,,,,Concrete truck traveling west on Knapp Blvd and turning left onto Donelson Pk hit a northbound car on Donelson Pk. Driver of car died. Concrete truck had a green light according to witnesses and camera footage.,
20230415243,2023-07-15,02:14:00,pedestrian,No,State Route,Murfreesboro Pk,Spence Ln,"850 Murfreesboro Pike, Nashville, TN 37210",-86.7267345,36.1368941,1,Yes,13,,,,Pedestrian walking along the ramp from I-24E on Murfreesboro Pk was struck and killed by a driver. Impact likely in on/off ramp lane. Pedestrian was using walker and likely couldn't get over curb to stay out of lane.,
20230412177,2023-07-13,20:30:00,vehicle,Yes,Local,Tusculum Rd,Coleridge Dr,"182 Tusculum Rd, Antioch, TN 37013",-86.6946454,36.0549994,1,No,27,,,,"Driver traveling east on Tusculum Rd at high rate of speed based on evidence at scene crested a hill and lost control. Rear end of car mounted curb and the car slid into a utility pole, killing a passenger.",
20230387942,2023-07-02,14:22:00,motorcycle,No,Local,Nolensville Pk,Lutie St,"2521 Nolensville Pk, Nashville, TN 37211",-86.7488734,36.1175781,1,No,16,,,,Driver turning left off Lutie St onto Nolensville Pk pulled in front of motorcycle driver traveling north on Nolensville Pk in outside lane. Motorcycle struck side of car and was thrown and killed by the impact. Motorcycle driver was wearing a helmet. Investigating officer asked for no left turns from Lutie.,
20230382713,2023-06-29,22:01:00,pedestrian,No,State Route,Murfreesboro Pk,Bell Rd,"2723 Murfreesboro Pike, Antioch, TN 37013",-86.6347444,36.0698349,1,No,32,,,,"Pedestrian crossing Murfreesboro Pk from west to east appeared to turn and walk in outside southbound lane to avoid another turning vehicle based on video of crash, when a driver traveling south struck and killed the pedestrian. Nearest marked crosswalk ~770 ft away.",
20230377538,2023-06-27,21:59:00,vehicle,Yes,Local,Due West Ave,,920 Due West Ave N,-86.7490368,36.2555237,1,No,3,,,,"Driver traveling west left lane of travel and overcorrected, then slid into a culvert and a mailbox.",
20230355560,2023-06-18,00:07:00,vehicle,Yes,Local,Powell Ave,Sidco Dr,Intersection,-86.758232,36.0942959,3,No,26,,,,"Police attempted to stop a car street racing. Car fled, police didn't chase. Driver traveled south down Powell Drive at 100+mph with no lights and didn't stop at the Sidco Dr intersection, launching the car into the CSX yard and killing all three occupants.",
20230354042,2023-06-17,03:12:00,motorcycle; vehicle,No,Local,Nolensville Pk,Bass Ave,4533 Nolensville Pike,-86.7233059,36.0705932,1,No,26,,,,"Motorcycle driver traveling south on Nolensville Pk at a high rate of speed (~70+ mph, possibly street racing) lost control, ran off the west side of the road, and hit a concrete wall. Driver died.",
20230340276,2023-06-10,22:30:00,motorcycle,No,State Route,Thompson Ln,Nolensville Pk,,-86.7451877,36.1109273,1,No,16,,,,Motorcycle driver traveling east on Thompson Ln was struck and killed in the intersection by a westbound driver turning left onto Nolensville Pike. Witness said the car had a green arrow and the motorcycle driver ran the light.,
20230339977,2023-06-10,18:28:00,vehicle,Yes,Local,Neelys Bend Rd,Idlewild Dr,624 Neely's Bend Rd,-86.6642203,36.2039181,1,No,9,,,,Driver was traveling east on Neely's Bend Rd at a high rate of speed and lost control coming out of a slight left turn. Driver left roadway and struck a large tree in front of 624 Neely's Bend Rd.,
20230338723,2023-06-09,22:23:00,vehicle,No,Interstate,I 24,Haywood Ln,,-86.6846134,36.0702905,1,No,28,,,,"Driver traveling east on I 24 at a high rate of speed in lane 1 lost control and struck a car in lane 2, pushing them both into the median. Driver of car in lane 2 died.",
20230336835,2023-06-08,23:03:00,motorcycle,No,Local,Gallatin Pkn,Old Hickory Blvd,105 Gallatin Pike N,-86.7121228,36.2640994,1,Yes,9,,,,"Motorcycle driver was traveling south on Gallatin at high speed (90+ mph). A driver pulling out of 105 Gallatin Pike N to travel north hit the motorcycle, possibly in or near turning lane, killing its driver.",
20230336866,2023-06-08,22:55:00,motorcycle; vehicle,No,Local,General Bate Dr,Caldwell Ln,"944 Caldwell Ln, Nashville, TN 37204",-86.7853706,36.1051806,1,No,25,,,,Motorcycle driver traveling N on General Bate Dr failed to stop at T intersection with Caldwell Ln and slid into guardrail on opp side of Caldwell Ln. Driver was wearing helmet. Visibility issue with tree blocking stop sign night of crash - has been trimmed. Probably not excessive speed based on aftermath. Driver died.,
20230336380,2023-06-08,18:33:00,vehicle,No,Local,Thompson Ln,Wingate Ave,"90 Thompson Ln, Nashville, TN 37211",-86.7344667,36.1102197,1,No,16,,,,"Driver traveling east on Thompson Ln at high rate of speed (70+) in the turning lane went into oncoming traffic and hit an oncoming car head-on, killing its driver.",
20230336143,2023-06-08,17:11:00,vehicle,No,State Route,Charlotte Pk,Brook Hollow Rd,,-86.8852149,36.1358391,1,No,20,,,,"Driver of vehicle 1 was traveling east on Charlotte at high speed and lost control, rolling the vehicle and crashing into 4 other vehicles. Passenger of vehicle 1 died.",
20230329276,2023-06-05,20:01:00,motorcycle,No,Interstate,I 40,Briley Pkwy,,-86.7243846,36.1089162,1,No,16,,,,Investigation pending. A motorcycle was hit and killed by a semi - unclear who left their lane.,
20230251420,2023-06-05,15:00:00,vehicle,No,Local,American Rd,Sunliner Dr,625 American Rd,-86.8839182,36.1535647,1,No,20,,,,,
20230324579,2023-06-03,03:28:00,vehicle,No,Interstate,I 24,MM 38.2,,-86.820783,36.307669,1,No,1,,,,"Driver traveling east at high rate of speed in far right lane rear-ended another car, killing one of its occupants.",WSMV: https://www.wsmv.com/2023/06/03/teen-faces-charges-following-deadly-crash-i-24/
20230316648,2023-05-30,21:15:00,pedestrian,No,State Route,Murfreesboro Pk,Bowwood Ct,1133 Vultee Blvd,-86.7100366,36.1251175,1,No,16,,,,Can-Am Stryker motorcycle traveling south on Murfreesboro Pk struck and killed pedestrian in inside southbound lane attempting to cross Murfreesboro Pk.,
20230311362,2023-05-27,23:06:00,pedestrian,No,State Route,Gallatin Pks,Due West Ave,"1199 S Gallatin Pike, Madison, TN 37115",-86.7085299,36.2800302,1,Yes,9,,,,Pedestrian crossing Gallatin from west to east on the north approach at Due West Ave was struck and killed by a driver traveling north. No crosswalk or pedestrian signals at the intersection to cross Gallatin. Driver had green light.,
20230310018,2023-05-27,01:54:00,vehicle,No,Local,Brick Church Pk,Trinity Ln,"2300 Brick Church Pike, Nashville, TN 37207",-86.7777912,36.2072828,1,No,2,,,,Driver traveling north on Brick Church Pike attempted to turn left on Trinity Ln and was hit by a vehicle traveling south on Brick Church Pike. The turning driver was killed.,WSMV: https://www.wsmv.com/2023/05/28/woman-killed-after-two-vehicle-crash-near-talbots-corner/
20230294844,2023-05-19,22:38:00,vehicle,No,State Route,Springfield Hwy,Baker Station Rd,"1700 Springfield Highway, Godlettsville, TN",-86.7486963,36.3766395,2,No,10,,,,"Driver ran a stop sign on Baker Station Rd, hit and flipped a car traveling on Springfield Hwy, and killed its driver and a passenger.",
20230272698,2023-05-09,19:37:00,vehicle,Yes,Local,Annex Ave,Frisco Ave,,-86.8760097,36.1620134,1,No,20,,,,"Driver traveling north on Annex Ave missed a 90 degree turn onto Frisco Ave and continued straight onto a gravel drive, hitting a rock pile. The car caught fire and burned, killing the driver.",
20230267250,2023-05-07,01:44:00,vehicle,Yes,State Route,Murfreesboro Pk,1128 Murfreesboro Pk,,-86.7089974,36.1257659,1,No,13,,,,"Driver traveling at high rate of speed lost control, left roadway, and struck a utility pole. Driver was killed.",
20230264685,2023-05-05,15:57:00,vehicle,Yes,Local,Cotton Gin Ct,,104 Cotton Gin Ct,-86.7559537,36.0234897,1,No,4,,,,"Driver reversed out of a driveway, mistakenly hit the gas, and backed into a tree. Driver died.",
20230260731,2023-05-03,23:45:00,vehicle,Yes,Local,Anderson Rd,Old Anderson Rd,,-86.6060453,36.0847745,1,No,29,,,,"Driver of a stolen vehicle fled police at high rate of speed. Police didn't pursue but driver continued at high rate of speed and hit a utility pole, killing a passenger.",
20230251831,2023-04-30,00:25:00,vehicle,No,Interstate,I 40,Exit 211B,,-86.764021,36.153527,2,No,19,,,,"Driver traveling east on I-40 left the travel lane and struck a vehicle stopped on the shoulder, killing its occupant.",
20230251420,2023-04-29,20:12:00,pedestrian,No,Local,Harding Pl,Humber Dr,"380 Harding Pl, Nashville, TN 37211",-86.7129652,36.0826636,1,No,30,,,,Pedestrian crossing Hardling Pl from north to south was struck and killed by a westbound driver in the inside travel lane.,
20230230542,2023-04-19,21:19:00,motorcycle,No,State Route,Old Hickory Blvd,3833 Old Hickory Blvd,,-86.629119,36.238065,1,No,11,,,,Driver turned onto Old Hickory Blvd from 3833 Old Hickory in front of a motorcycle. Motorcycle rider died.,
20230229547,2023-04-19,11:49:00,motorcycle,No,Local,N Gallatin Pk,Conference Dr,"2130 Gallatin Pike N, MAdison TN 37115",-86.693456,36.3062059,1,Yes,10,,,,"Driver traveling north on Gallatin moved into left turn lane, then into inside oncoming lane to bypass cars waiting to turn left. Driver turned into Conference Dr into path of an oncoming motorcycle, killing its rider.",
20230223689,2023-04-16,20:38:00,pedestrian,No,Local,Bell Rd,Cane Ridge Rd,"1114 Bell Rd, Antioch, TN 37013",-86.663383,36.0444198,1,Yes,33,,,,Pedestrian crossing at 1135 Bell Rd from north to south was struck and killed by driver in inside westbound lane - ped was waiting in turn lane and didn't appear to see the oncoming car bc of car in turning lane.,
20230218037,2023-04-13,17:24:00,motorcycle,No,Local,Sulphur Creek Rd,Taz Hyde Rd,"4601 Sulphur Creek Rd, Nashville, TN 37218",-86.8895398,36.2407875,1,No,1,,,,"Can-Am Ryker (3-whl motorcycle) traveling north on Sulphur Creek Rd at a high rate of speed, failed to negotiate righthand curve south of Taz Hyde intersection, crossed opposing lane, hit guardrail, threw driver and passenger. Driver died. Passenger was wearing helmet, but not driver.",
20230208569,2023-04-09,14:02:00,motorcycle,No,State Route,Rosa L Parks Blvd,Monroe St,,-86.7926119,36.1752889,1,No,19,,,,Driver traveling south on Rosa Parks turned left onto Monroe St with a green arrow. A motorcycle traveling north at a high rate of speed failed to yield and hit the turning car. Motorcycle driver died.,
20230206430,2023-04-08,04:23:00,vehicle,Yes,State Route,Dickerson Pk,Dellway Dr,,-86.7639601,36.2151139,1,No,5,,,,"Driver traveling south at high rate of speed crossed center lane and oncoming lanes, drove through a utility pole, and hit a business sign.",WSMV: https://www.wsmv.com/2023/04/08/dickerson-pike-crash-kills-one-injures-another/
20230202140,2023-04-06,05:56:00,pedestrian,No,Local,Granada Ave,871 Granada Ave,"871 Granada Ave, Nashville, TN 37206",-86.756604,36.1893423,1,No,5,,,,Driver on Granada Ave struck and killed pedestrian lying in the roadway. Ring camera showed pedestrian crawling in roadway and lying down ~1 hr before crash.,WSMV: https://www.wsmv.com/2023/04/06/pedestrian-killed-east-nashville/
20230200726,2023-04-05,13:39:00,pedestrian,No,State Route,West End Ave,28th Ave N,,-86.8119322,36.145261,1,Yes,18,,,,"Driver traveling east on West End Ave turned left into alley by McDonald's at 28th at high rate of speed - struck pedestrian #1 in crosswalk, then struck pedestrian #2 fleeing the scene. Pedestrian #1 died.",
20230198628,2023-04-04,13:57:00,vehicle,Yes,Local,Sawyer Brown Rd,7518 Sawyer Brown Rd,,-86.9286643,36.1103759,1,No,35,,,,"Driver traveling north on Sawyer Brown Rd left roadway and struck a mailbox, then a tree. No signs of braking through ~225 ft of traveling in the grass.",
20230196650,2023-04-03,20:00:00,motorcycle,No,State Route,Dickerson Pk,Bell Grimes Ln,,-86.7561094,36.2683618,1,No,3,,,,"Motorcyclists was stopped by police, then fled. MNPD didn't pursue. Motorcyclist ran the red light at Bell Grimes Ln at a high rate of speed and hit a vehicle turning left. Motorcyclist died. No helmet.",WSMV: https://www.wsmv.com/2023/04/04/motorcyclist-dies-crash-after-fleeing-traffic-stop-near-goodlettsville/
20230176395,2023-03-24,11:05:00,vehicle,Yes,Local,Broadmoor Dr,Hillside Rd,"219 Broadmoor Dr, Nashville, TN 37207",-86.7546405,36.2299888,1,No,5,,,,"Driver traveling west crossed DYSL and eastbound driver swerved to avoid a collision, left the roadway, and hit a culvert. Driver died the next day, likely from injuries from the crash.",
20230171311,2023-03-22,06:30:00,pedestrian,No,Local,Rio Vista Drive,N Dupont Ave,"248 Rio Vista Dr, Madison, TN 37115",-86.681377,36.2673599,1,Yes,9,,,,Pedestrian struck and killed while walking on east side of Rio Vista Drive over a bridge. No sidewalk.,
20230163160,2023-03-18,00:44:00,pedestrian,No,Local,Trinity Ln,Dickerson Pk,"105 E Trinity Ln, Nashville, TN 37207",-86.7674428,36.2061373,1,Yes,5,,,,Investigation report pending,Nashville.gov: https://www.nashville.gov/departments/police/news/pedestrian-dies-injuries-received-march-18-hit-and-run-collision
20230139093,2023-03-06,17:16:00,vehicle,Yes,Local,Poplar Creek Rd,Willow Oak Dr,,-86.9535563,36.0548916,1,No,35,,,,"Investigation pending - driver left roadway, overcorrected, and ran off other side of roadway. Witnesses reported erractic driving.",
20230139029,2023-03-06,16:39:00,vehicle,No,State Route,Clarksville Pk,Cliff Dr,,-86.8291114,36.1922893,1,No,1,,,,Street racing,WKRN: https://www.wkrn.com/news/local-news/nashville/frustrations-with-street-racing-following-deadly-clarksville-pike-crash/
20230134675,2023-03-04,04:17:00,pedestrian,No,Local,Old Hickory Blvd,Vaughn Rd,"2500 Old Hickory Blvd, Nashville, TN 37221",-86.8897068,36.0554904,1,No,34,,,,Pedestrian believed to be walking in roadway was struck and killed by a driver at night on an unlit section of Old Hickory Blvd.,
20230113345,2023-02-22,19:59:00,pedestrian,No,Local,Gallatin Pkn,Duling Av,"1221 Gallatin Pike S, Madison, TN 37115",-86.721262,36.2458305,1,Yes,7,,,,"Pedestrian crossing Gallatin Pike from east to west was struck by a northbound driver in the inside travel lane, then a second time by a southbound driver in the inside travel lane. Nearest crosswalk ~400 ft away.",
20230113157,2023-02-22,18:06:00,pedestrian,No,Local,Gallatin Pks,Berkley Dr,"337 Gallatin Pike N, Madison, TN 37115",-86.7117977,36.265317,1,No,9,,,,Investigation pending - Northbound driver struck and killed pedestrian crossing Gallatin Pike from west to east in the inside travel lane. Nearest crosswalk ~160 ft away. Poorly lit per responding officer.,
20230105582,2023-02-19,01:53:00,vehicle,No,State Route,Nolensville Pk,Higgins St,,-86.7239281,36.0719339,2,No,27,,,,Investigation pending - Northbound driver crossed into oncoming lanes and hit another driver head-on.,
20230094790,2023-02-14,06:03:00,motorcycle,No,State Route,Lebanon Pk,Guill Ct,,-86.654486,36.1700091,1,No,14,,,,Investigation pending - non-street legal dirt bike with no lights was struck and killed by a driver turning onto Donelson Pike that didn't see them.,
20230089452,2023-02-11,06:14:00,pedestrian,No,Local,Old Hickory Blvd,Nolensville Pk,"15103 Old Hickory Blvd, Nashville, TN 37211",-86.7145011,36.0448483,1,No,4,,,,Pedestrian crossing south to North across Old Hickory Blvd was struck and killed by a car in the left turn lane. Driver not believed to be speeding. Nearest crosswalk ~ 200 ft away.,
2023011884,2023-02-07,14:49:00,vehicle,Yes,Interstate,I 440,Mm 4.6,,-86.810799,36.123989,1,No,18,,,,"Driver left lane, struck center divider wall, and coasted to a stop.",
20230079240,2023-02-07,05:17:00,pedestrian,No,Interstate,I40 W Ent Ramp,I 40,,-86.761073,36.155829,1,No,19,,,,Pedestrian on ramp from I-24 to I-40 was struck and killed.,
20230079001,2023-02-07,01:22:00,vehicle,No,Interstate,I 65,,,-86.800027,36.18128,1,No,19,,,,Investigation pending - driver 1 left roadway and rear ended truck setting up cones for road construction. Driver 1 was killed.,
20230073292,2023-02-04,02:52:00,vehicle,No,State Route,Old Hickory Blvd,Dickerson Pk,,-86.7557273,36.2692405,1,Yes,3,,,,Investigation pending - driver fleeing police (who did not pursue) hit and killed another driver at the Dickerson/Old Hickory intersection. Unclear who had right-of-way.,WKRN: https://www.wkrn.com/news/local-news/nashville/1-killed-2-injured-in-crash-on-dickerson-pike/; WKRN (Updated): https://www.wkrn.com/news/local-news/nashville/dna-on-water-bottle-leads-to-arrest-in-deadly-cold-case-crash/
20230043408,2023-01-21,02:20:00,pedestrian,No,Local,Gallatin Pks,Granada Ave,"1000 Gallatin Ave, Nashville, TN 37206",-86.7467446,36.1886096,1,No,5,,,,Pedestrian crossing Gallatin was struck and killed by driver traveling east in inside travel lane at Granada Ave intersection. Nearest crosswalk ~700 ft away.,
20230041708,2023-01-20,10:59:00,vehicle,Yes,Local,Whites Creek Pk,Old Clarksville Pk,6000 Whites Creek Pike,-86.8634483,36.312543,1,No,1,,,,"Driver navigating ""Devil's Elbow"" left roadway in the curve and hit a rock cut. Witnesses didn't think he was speeding. Signs look extremely insufficient through the curve.",SmokeyBarn: https://smokeybarn.com/springfield-man-dies-following-deadly-joelton-crash-friday/
20230034893,2023-01-17,15:42:00,pedestrian,No,Interstate,I 65,,,-86.765479,36.10273,1,No,25,,,,Driver of a car involved in a crash on I-65 tried to cross the interstate on foot to get something from his car and was struck and killed by a vehicle driving on the interstate.,
20230033829,2023-01-17,01:43:00,vehicle,Yes,Local,Elm Hill Pk,Poplar St,,-86.7274878,36.1438475,1,No,15,,,,Driver veered off roadway into a building for unknown reason.,
20230029360,2023-01-14,19:43:00,pedestrian,No,Local,E Old Hickory Blvd,Hankins St,600 E Old Hickory,-86.7005649,36.2627359,1,Yes,9,,,,"Pedestrian crossing north to south across Old Hickory Blvd was struck and killed by an eastbound driver in the travel lane, traveling 50-60 mph in a 40 mph zone.",
20230013139,2023-01-07,07:14:00,vehicle,No,State Route,Murfreesboro Pk,Mt View Rd,,-86.618717,36.0543095,1,No,8,,,,Southbound driver left travel lane and hit an oncoming car head-on.,
20230012932,2023-01-07,02:24:00,vehicle,Yes,Interstate,I 24,,,-86.782263,36.230648,1,No,2,,,,Driver on I-24 left the roadway and struck a sign footing.,WSMV: https://www.wsmv.com/2023/01/07/driver-dies-single-vehicle-crash-i-24/; WKRN: https://www.wkrn.com/news/local-news/nashville/1-killed-in-single-vehicle-crash-on-i-24-in-nashville/
20230000037,2023-01-01,00:13:00,vehicle,Yes,Local,Neelys Bend Rd,Neelys Chase Dr,,-86.7023049,36.2550337,1,No,9,,,,"Investigation pending - suspected intoxicated driver was driving too fast for the road conditions and left the roadway, striking a tree and killing the driver.",
20230001329,2023-01-01,00:00:00,pedestrian,No,State Route,Murfreesboro Pk,Elm Hill Pk,393 Murfreesboro Pike,-86.749749,36.144222,1,Yes,17,,,,Pedestrian crossing Murfreesboro Pike from north to south was hit and killed by a driver in the westbound inside lane near the turning lane. Unlikely that driver was speeding. Nearest crosswalk ~100 ft away.,
20230000007,2022-12-31,23:59:00,vehicle,No,State Route,DICKERSON PKE,DELLWAY VILLA DR,,-86.7645182,36.2135826,1,No,5,,,,Driver pulled out onto Dickerson Pike from Rock St in front of another vehicle. Passenger in vehicle pulling onto Dickerson was killed.,
20220662140,2022-12-30,22:18:00,pedestrian; vehicle,No,Local,Broadway,18TH AVS,"1811 Broadway, Nashville, TN 37203",-86.7958928,36.1512284,1,No,19,,,,Pedestrian crossing West End Ave was struck and killed by a driver in the inside lane. Nearest crosswalk in eaither direction ~200 ft away.,
20220655909,2022-12-27,18:13:00,vehicle,No,State Route,WEST END AV,28TH AVS,,-86.8119322,36.145261,1,No,18,,,,Intoxicated driver speeding and driving recklessly hit an oncoming car while attempting an illegal pass.,
20220654988,2022-12-27,03:59:00,pedestrian; vehicle,No,State Route,METROPLEX DR,HARDING PL,,-86.6959468,36.0868484,1,No,28,,,,Pedestrian ran into roadway and was struck and killed by a northbound driver.,
20220641290,2022-12-19,01:20:00,vehicle,No,Local,BRILEY PKWYN,HARVEST LN,,-86.8679393,36.222914,1,No,1,,,,Driver traveling the wrong way on Briley Pkwy hit an oncoming vehicle head-on.,WSMV: https://www.wsmv.com/2022/12/19/deadly-crash-closes-briley-parkway/
20220638269,2022-12-16,23:44:00,pedestrian; vehicle,No,State Route,ROBINSON RD,HADLEY VILLAGE BLVD,,-86.6588242,36.259351,1,No,11,,,,"Pedestrian crossing Robinson Rd was struck and killed by an impaired driver. Nearest crosswalk ~1,500 ft away.",
20220633285,2022-12-14,18:08:00,pedestrian,No,State Route,LEBANON PKE,HERMITAGE RD,,-86.6185772,36.2003637,1,No,14,,,,Pedestrians crossing Lebanon Pike east-west were struck and killed by two northbound cars in the inside travel lane at intersection of Hermitage Road. Nearest marked crosswalk ~450 ft away.,
20220632158,2022-12-14,06:17:00,pedestrian,No,State Route,LEBANON PKE,BONNABROOK DR,,-86.6247682,36.1917318,1,No,14,,,,Pedestrian crossing Lebanon Pk at Bonnabrook Dr was struck and killed by a westbound car in the inside lane. Nearest marked crosswalk ~470 ft away.,
20220626934,2022-12-11,16:41:00,vehicle,No,State Route,DICKERSON PKE,I65 N EXT RAMP,,-86.757902,36.237439,1,No,5,,,,Southbound driver on Dickerson Pike crossed into oncoming traffic and hit another vehicle head-on.,WKRN: https://www.wkrn.com/news/local-news/nashville/passenger-dies-following-head-on-crash-along-dickerson-pike/
20220625414,2022-12-10,17:42:00,pedestrian; vehicle,No,State Route,CHARLOTTE AV,50TH AVN,,-86.847202,36.1520105,1,Yes,24,,,,Narrative pending completion of investigation,
20220617146,2022-12-06,17:47:00,pedestrian; vehicle,No,Local,OAKWOOD AV,SLAYDON DR,,-86.7537084,36.210864,1,Yes,5,,,,Pedestrian crossing Oakwood Avenue in a marked crosswalk after exiting an MTA bus was struck and killed by a driver passing illegally and driving at least 57 mph in a 30 mph zone.,WKRN: https://www.wkrn.com/news/local-news/nashville/pedestrian-killed-in-tuesday-hit-and-run-in-nashville-police-say/
20220605651,2022-11-30,20:20:00,pedestrian; vehicle,No,State Route,LAFAYETTE ST,4TH AVS,"399 Lafayette St, Nashville, TN 37210",-86.7704914,36.1515604,1,No,19,,,,Pedestrian crossing Lafayette St from north to south was struck and killed by an eastbound driver in the inside lane immediately after driver turned left onto Lafayette from 4th Ave S. Nearest crosswalk ~ 180 ft away.,
20220605468,2022-11-30,18:18:00,pedestrian; vehicle,No,State Route,CHARLOTTE AV,51ST AVN,,-86.8485445,36.1519595,1,Yes,24,,,,Pedestrian crossing Charlotte Ave between 51st and 52nd from north to south was killed by a hit and run driver with no witnesses.,
20220597720,2022-11-26,22:06:00,pedestrian; vehicle,No,Local,OPRY MILLS DR,OPRY MILLS DR,"163B Opry Mills Dr, Nashville TN 37211",-86.6915582,36.2042159,1,No,15,,,,Pedestrian crossing Opry Mill Dr in a marked crosswalk was struck and killed by a driver traveling north that failed to yield.,
20220595982,2022-11-25,18:15:00,pedestrian; vehicle,No,State Route,DICKERSON PKE,GORDON TER,,-86.7648374,36.2126907,1,No,5,,,,"Pedestrian crossing Dickerson Pike was struck and killed by a northbound car in  the far right lane, possibly at a high rate of speed. Nearest marked crosswalk ~700 ft away.",WSMV: https://www.wsmv.com/2022/11/28/neighbors-concerned-after-65-year-old-woman-killed-pedestrian-crash/
20220571913,2022-11-12,03:31:00,vehicle,No,Local,RICHARDS RD,DELIA DR,,-86.679836,36.0688805,1,No,28,,,,"Intoxicated driver traveling ~60 mph in a 35 mph zone drifted into oncoming traffic and hit an oncoming vehicle head-on, killing its driver.",
20220560068,2022-11-06,00:00:00,pedestrian; vehicle,No,Local,DUE WEST AVE,ARGLE AV,"120 E Due West Ave, Madison TN 37115",-86.7170169,36.2475348,1,Yes,7,,,,"Pedestrian on Due West Ave was struck and killed by a driver, possibly as he climbed out of the ditch.",
20220553667,2022-11-02,19:21:00,pedestrian; vehicle,No,Local,DICKERSON PKE,NESBITT DR,"4021 Dickerson Pike, Nashville, TN 37207",-86.7496966,36.2793827,1,No,3,,,,Pedestrian attempted to cross Dickerson Pike in front of a car with little time for the driver to react.,
20220542780,2022-10-27,21:56:00,pedestrian; vehicle,No,Local,CHARLOTTE AV,22ND AVN,"2150 Charlotte Ave, Nashville, TN 37203",-86.8070616,36.1565872,1,Yes,21,,,,Pedestrian was crossing Charlotte Ave in the crosswalk at 22nd Ave from north to south. A driver traveling east on Charlotte Ave struck and killed the pedestrian in the far right lane traveling 50 mph in a 40 mph zone.,
20220527025,2022-10-19,12:00:00,vehicle,Yes,Local,BRILEY PKWYS,,,-86.695908,36.180491,1,No,15,,,,"Driver lost control at a high rate of speed and ran off the roadway into a treeline, killing a passenger.",WSMV: https://www.wsmv.com/2022/10/19/teen-driver-fatal-crash-briley-pkwy-be-charged-with-vehicular-homicide/
20220521836,2022-10-16,23:30:00,vehicle,No,State Route,I65 N EXT RAMP,ROSA L PARKS BLVD,,-86.7956055,36.1793864,1,No,19,,,,"Vehicle exited I-65 at 105 mph and rear ended a tractor trailer, killing a passenger.",
20220517123,2022-10-13,21:52:00,vehicle,No,Local,GALLATIN PKES,MADISON SQ,,-86.7170347,36.2543041,1,Yes,9,,,,Narrative pending completion of investigation,
20220516401,2022-10-13,13:31:00,vehicle,No,State Route,DICKERSON PKE,MULBERRY DOWNS CIR,,-86.7573853,36.2514708,1,No,5,,,,Vehicle was pulled over due to mechanical issues and driver had placed orange warning triangles behind the car. A second driver rear ended the disabled vehicle and died from his injuries.,
20220506926,2022-10-08,01:29:00,pedestrian; vehicle,No,State Route,WALLACE RD,NOLENSVILLE PKE,,-86.7255081,36.0771563,1,Yes,30,,,,Pedestrian fell while crossing Wallace Rd at Nolensville Pike. Vehicle traveling at a high rate of speed on Wallace Rd struck and killed the pedestrian.,
20220506002,2022-10-07,13:53:00,motorcycle; vehicle,No,Local,GREENFIELD AV,KENNEDY AV,"1308 Greenfield Ave, Nashville, TN 37216",-86.7248549,36.2095246,1,No,7,,,,Motorcycle traveling east on Greenfield Ave lost control around a curve. No apparent curve warning or markings.,
20220505581,2022-10-07,08:08:00,pedestrian; vehicle,No,State Route,CHARLOTTE AV,48TH AVN,,-86.8447072,36.1520973,1,No,24,,,,Westbound car struck and killed pedestrian crossing south across Charlotte Pike. Nearest marked crosswalk ~450 ft away.,
20220484835,2022-09-26,23:24:00,pedestrian; vehicle,No,Local,MAIN ST,N 8TH ST,"713 Main St, Nashville, TN 37206",-86.7601383,36.17523,1,No,5,,,,Westbound car traveling 35-40 mph struck and killed pedestrian crossing south across Main St. Nearest crosswalk ~300 ft away.,WSMV: https://www.wsmv.com/2022/09/27/man-struck-killed-by-vehicle-east-nashville/
20220477771,2022-09-22,23:24:00,vehicle,No,State Route,BRILEY PKWYS,COUNTY HOSPITAL RD,,-86.862563,36.187676,2,No,1,,,,Vehicle entered Briley Pkwy at Lebanon Pike traveling northbound in the southbound lanes. A vehicle traveling the correct direction hit them head on near County Hospital Road.,WSMV: https://www.wsmv.com/2022/09/23/wrong-way-crash-briley-parkway-kills-both-drivers/
20220475993,2022-09-22,04:52:00,vehicle,No,State Route,CLARKSVILLE PKE,OLD CLARKSVILLE PKE,,-86.9012139,36.3209249,1,No,1,,,,Northbound vehicle on Clarksville Pike crossed the DYSL and hit an oncoming car.,WSMV: https://www.wsmv.com/2022/09/22/one-dead-head-on-crash-joelton/
20220475185,2022-09-21,19:20:00,pedestrian; vehicle,No,Local,WOODMONT BLVD,GOLF CLUB LN,"2000 Woodmont Blvd, Nashville, TN 37215",-86.8076714,36.1137101,1,No,25,,,,"Pedestrian was attempting to cross Woodmont Blvdand was struck and killed by an eastbound car. No sidewalk, nearest marked crosswalk ~750 ft away.",
20220470723,2022-09-19,17:25:00,pedestrian; vehicle,No,Local,ARLINGTON AV,ELM HILL PKE,"598 Arlington Ave, Nashville, TN 37210",-86.7304206,36.1437435,1,No,15,,,,"Pedestrian was attempting to cross south across Elm Hill Pike at an intersection. A westbound  car struck and killed the pedestrian. Intersection has intermittent sidewalks, no signal, and no crosswalk. Neasrest marked crosswalk is ~2,300 ft away.",
20220467708,2022-09-18,00:32:00,vehicle,No,State Route,RECOVERY RD,HARDING PL,,-86.7179338,36.0803628,1,No,30,,,,Westbound vehicle traveling 50-60 mph struck oncoming car turning left. Unclear who had right-of-way.,
20220466733,2022-09-17,10:56:00,vehicle,No,Local,BAKERTOWN RD,HAYSTACK LN,,-86.686525,36.0712119,1,No,28,,,,Westbound vehicle crossed into oncoming traffic and hit another vehicle head-on. Collision was ~200 ft from the crest of a hill with limited sight distance.,
20220461981,2022-09-14,21:41:00,pedestrian; vehicle,No,Local,BELL RD,CANE RIDGE RD,"1110 Bell Rd, Antioch, TN 37013",-86.6628174,36.0444284,1,Yes,33,,,,Pedestrian attempted to cross Bell Road ~450 ft from the nearest crosswalk. An eastbound vehicle came over a hill at a high rate of speed and was unable to stop before striking and killing the pedestrian,
20220460838,2022-09-14,09:25:00,vehicle,No,State Route,DICKERSON PKE,OLD HICKORY BLVDW,,-86.7557273,36.2692405,1,No,3,,,,Driver of a stolen vehicle was possibly evading the police and rear ended a car stopped in the left turn lane at the Old Hickory signal at 96 mph. Driver of stopped car was killed.,
20220458194,2022-09-13,05:09:00,vehicle,No,Local,CHARLOTTE PKE,ORLANDO AV,"5521 Charlotte Ave, Nashville, TN 37209",-86.8568915,36.1498839,1,No,24,,,,Driver turned left into a side street from Charlotte Pike in front of an oncoming car,
20220445707,2022-09-06,13:13:00,vehicle,No,State Route,NOLENSVILLE PKE,BIENVILLE DR,,-86.7113753,36.0213855,1,No,31,,,,"Driver of vehicle 1 suffered a medical episode on Nolensville Pike. Struck a construction worker, ran into the grass, went back onto the roadway, went into opposing lanes, went off the roadway left, hit a utility pole, hit several trees, then came to rest. Driver dead on the scene.",
20220442121,2022-09-04,05:26:00,vehicle,No,State Route,HOBSON PKE,DERBYSHIRE DR,"2291 Hobson Pike, Antioch, TN 37013",-86.5833573,36.0689545,1,No,8,,,,Head-on collision on Hobson Pike. Vehicle tried to pass and struck opposing traffic head-on.,
20220441715,2022-09-03,22:00:00,pedestrian; vehicle,No,State Route,MADISON SQ,GALLATIN PKES,,-86.7167542,36.253264,1,Yes,7,,,,Pedestrian hit and run on Gallatin Pike. Pedestrian was crossing at night without a crosswalk.,
20220430484,2022-08-29,07:15:00,vehicle,No,State Route,HOBSON PKE,COUCHVILLE PKE,,-86.5539775,36.0976036,1,No,12,,,,Vehicle 1 FTML while going through a curve and struck Vehicle 2 head on. Driver of Vehicle 2 died on the scene.,Nashville.gov: https://www.nashville.gov/departments/police/news/man-killed-two-car-crash-monday-hobson-pike-identified
20220423735,2022-08-25,14:29:00,pedestrian; vehicle,No,Local,MCGAVOCK PKE,BROWNWOOD DR,"2821 McGavock Pike, Nashville TN 37214",-86.6867064,36.2121494,1,Yes,15,,,,"Pedestrian hit and run on McGavock Pike near Brownwood Drive. No shoulder, ped was walking in the road. When hit, he was thrown onto a nearby service road with a sharp drop in elevation. Did not survive",
20220417370,2022-08-22,15:14:00,vehicle,Yes,State Route,OLD HICKORY BLVDW,HERITAGE DR,,-86.7241116,36.2641031,1,No,3,,,,"Single vehicle collision. Driver was nearing a yellow light on Old Hickory Blvd and quickly maneuvered to an adjacent lane to make the light, as traffic in his lane was stopping. Since he changed lanes so quickly, his vehicle fish tailed and he spun out and struck a metal utility pole. He did not survive the collision.",
20210414648,2022-08-21,04:34:00,vehicle,No,State Route,,,W TRINITY LN & SCRUGGS LN,-86.78093,36.20677,2,No,2,,,,"MOTOR VEHICLE IN TRANSPORT, HEAD-ON, CLEAR, DARK - LIGHTED",
20220414648,2022-08-20,23:34:00,vehicle,No,State Route,W TRINITY LN,SCRUGGS LN,,-86.7810377,36.2067762,2,No,2,,,,Eastbound driver on Trinity Ln crossed into oncoming traffic and hit another vehicle head-on.,
20220394336,2022-08-10,11:03:00,vehicle,Yes,Local,21ST AVN,CHURCH ST,,-86.8027173,36.1524779,1,No,19,,,,Single vehicle collision. Driver drove through the cables on the 4th story of a parking garage and the vehicle landed upside down on the parking lot below.,
20220389064,2022-08-08,01:33:00,vehicle,No,Local,BRILEY PKWYW,BRUSH HILL RD,,-86.7126637,36.2284786,1,No,7,,,,"On Briley Pkwy W. Vehicle 1 becomes disabled and stopped in roadway. Driver got out and was standing by opened passenger door. Vehicle 2 attempted to avoid rearend by swerving around to the right, striking the opened door and the driver of the vehicle. Pedestrian died a few days later.",
20220387142,2022-08-06,17:46:00,vehicle,No,Local,WALLACE RD,HILLBROOK DR,,-86.7048614,36.0790709,1,No,30,,,,Impaired driver on Wallace Road FTML and collided with a parked vehicle. BAC 0.19. Passenger killed,
20220385853,2022-08-05,19:49:00,vehicle,No,State Route,BELL RD,HICKORY HIGHLANDS DR,,-86.6399703,36.0605612,1,No,32,,,,"3-vehicle crash on Bell Road near Hickory Highlands due to a drunk driver. A driver heading northbound was getting into the turn lane when an intoxicated driver traveling south FTML and hit her, then causing him to spin out and hit another car traveling south. Intoxicated driver did not survive injuries.",
20220373211,2022-07-29,13:21:00,vehicle,No,Interstate,I 65,,,-86.738514,36.258351,1,No,3,,,,Two car collision on I-65. Vehicle was originally sideswipes and left disabled in a lane of the interstate. They were rearended by another driver.,WKRN: https://www.wkrn.com/news/local-news/nashville/passenger-dies-following-crash-on-i-65-near-madison/
20220371673,2022-07-28,15:16:00,vehicle,Yes,Local,CULBERTSON RD,MILL CREEK LENOX VILLAGE GRNWY,"6185 Culbertson Rd, Antioch, TN 37013",-86.6924037,36.0094736,1,No,31,,,,"Single vehicle collision. Traveling WB on Culbertson Road, left roadway and collided with tree. Vehicle caught fire and driver died on the scene.",
20220368699,2022-07-27,02:06:00,pedestrian; vehicle,No,Local,GALLATIN PKEN,CUDE LN,,-86.6947031,36.2980578,1,No,10,,,,Vehicle v. Pedestrian on Gallatin Pike. Pedestrian crossing at an intersection without crossing signal or marked crosswalk. Police officer noticed limited sight distance here for both ped and driver.,
20220368345,2022-07-26,21:42:00,motorcycle,No,State Route,NOLENSVILLE PKE,OCALA DR,,-86.7142302,36.0515457,1,No,31,,,,Vehicle traveling east on Ocala Drive was struck by motorcycle traveling SB on Nolensville Pike. Intersection is signalized. Motorcycle ran the redlight at a high rate of speed. The same police officers who came upon the crash had seen the motorcycle speed past them and attempted to pull him over but he did not slow down so they did not pursue. Motorcyclist passed away from injuries at the hospital,
20220358069,2022-07-21,01:58:00,pedestrian; vehicle,No,Interstate,I 65,,,-86.775689,36.136899,1,No,17,,,,"Vehicle v. Pedestrian on I-65. Pedestrian was seen attempting to run from side of highway to center, tripped and was then struck by a vehicle.",
20220353042,2022-07-18,20:03:00,vehicle,No,Local,HIGHWAY 100,OLD HARDING PKE,"8866 TN-100, Nashville, TN 37221",-86.9978001,36.0304502,1,No,35,,,,Multiple vehicle collision on Hwy 100 near Old Harding Pike. Vehicle tried to pass someone on Hwy 100 and hit a car coming in the opposing direction causing a 3 car crash,
20220345579,2022-07-14,07:55:00,pedestrian; vehicle,No,Local,APACHE TRL,HICKORY LAKE APTS PVTDR,,-86.690898,36.067145,1,No,30,,,,A vehicle was traveling down Apache Trail when a pedestrian ran into the roadway. Driver was arrested for vehicular homicide due to him traveling at a high speed,
20220332662,2022-07-07,08:57:00,vehicle,Yes,Local,LYNNBROOK RD,OAKLAWN AV,,-86.8305442,36.1194447,1,No,24,,,,"Single vehicle crash on Lynnbrook Rd. Driver struck a trash can heading NB, continued and struck a large stone mailbox causing the car to flip. No signs of braking. Attributed to ""FTML which was possibly caused by mental episode""",
20220327840,2022-07-05,00:30:00,vehicle,No,Interstate,I 65,,,-86.792424,36.189165,1,No,19,,,,5 vehicle collision on I-65 N,
20220324385,2022-07-02,18:12:00,vehicle,No,State Route,OLD HICKORY BLVD,OWEN DR,,-86.6195468,36.018312,1,No,32,,,,Two vehicle collision on Old Hickory Blvd. Driver had BAC of 0.18 and struck opposing vehicle and did not survive,
20220313580,2022-06-26,20:22:00,vehicle,No,Local,40TH AVN,ALBION ST,,-86.836291,36.1615265,1,Yes,21,,,,"Two vehicle collision. One vehicle stopped at stop sign, then goes to turn left onto 40th. Were hit by a vehicle going 85 MPH. Passenger of first vehicle did not survive. Vehicle at fault fled the scene.",
20220307122,2022-06-22,12:17:00,vehicle,No,State Route,BRILEY PKWYN,BRILEY PKWYS,,-86.869442,36.167017,1,No,20,,,,Vehicle2 has mechanical issues on Briley Pkwy. When it is either stopped or almost stopped Veh1 rearends them. Driver 2 deceased on the scene.,
20220299772,2022-06-18,06:34:00,vehicle,Yes,Local,EAST THOMPSON LN,LAWNDALE DR,"331 E Thompson Ln, Nashville, TN 37211",-86.7179108,36.1229695,1,No,16,,,,"Single vehicle crash into concrete barrier on East Thompson Lane. One of 4 passengers died from injuries a few days later. Further details are unknown, other than driver seemed to be going above 25 mph speed limit.",
20220297878,2022-06-17,01:17:00,pedestrian,No,Interstate,I 24,,,-86.776041,36.195153,1,Yes,2,,,,Pedestrian attempts to cross I-24 and was struck by multiple vehicles.,WSMV: https://www.wsmv.com/2022/06/17/pedestrian-hit-and-run-investigation-closes-i-24i-65-split/
20220293019,2022-06-14,14:27:00,vehicle,No,State Route,OLD HICKORY BLVD,30TH ST,,-86.6387032,36.2454873,2,No,11,,,,Three car crash on Old Hickory Blvd due to reckless/intoxicated driving.,
20220290590,2022-06-13,00:00:00,pedestrian; vehicle,No,Local,OLD HICKORY BLVD,FRIST BLVD,"5500 Old Hickory Boulevard, Hermitage, TN 37076",-86.6070487,36.1821909,1,Yes,12,,,,"Hit and run on Old Hickory Blvd. Homeless person who was on drugs at the time, according to his friend. Pedestrian was apparently walking south on Old Hickory Blvd. No further information known.",
20220289954,2022-06-12,21:24:00,pedestrian,No,Local,OLD HICKORY BLVD,DELAWARE AV,"415 E Old Hickory Boulevard, Madison, TN 37115",-86.7050018,36.2630348,1,Yes,9,,,,Pedestrian attemps to cross SR 45 not at a crosswalk and was struck by a vehicle. Hit and run,
20220283825,2022-06-08,20:50:00,pedestrian; vehicle,No,Interstate,I24 W ENT RAMP,I 40,,-86.7803605,36.1483662,1,No,17,,,,Pedestrian was struck on I-24W near mile marker 50. On the interstate.,
20220277765,2022-06-05,21:33:00,vehicle,No,Interstate,I 24,,,-86.648088,36.038948,1,No,32,,,,Multi vehicle crash on I-24 near Hickory Hollow exit,
20220275981,2022-06-04,15:45:00,motorcycle; vehicle,No,Interstate,I40 W EXT RAMP,I 40,,-86.69949,36.143462,1,No,13,,,,"Single veh crash on I-40. Motorcycle was exiting on an upper ramp (exiting onto another interstate, not to city jurisdiction street). Bike was found on its side against the barrier. Victim had been flung over the side and landed 40' down by the lower exit.",
20220274655,2022-06-03,18:21:00,vehicle,Yes,State Route,WHITES CREEK PKE,SYCAMORE CREEK RD,,-86.8947808,36.3816758,1,No,1,,,,"Vehicle traveling NB on Whites Creek Pike. Left the roadway right and struck a tree, killing driver. Witness said vehicle had swerved into the opposing lane and overcorrected.",
20220265413,2022-05-29,20:17:00,pedestrian; vehicle,No,Local,NOLENSVILLE PKE,COLEMAN ST,"2177 Nolensville Pike, Nashville, TN 37211",-86.7541927,36.1278659,1,No,17,,,,"Pedestrian was hit on Nolensville Pike. It was dark and he darted in front of a vehicle that was unable to stop. Multiple witnesses said he had been running in and out of traffic ""for hours"" and seemed to be on drugs or intoxicated.",
20220264427,2022-05-29,01:17:00,vehicle,Yes,Local,EWING DR,HILLHURST DR,,-86.7708129,36.2302261,1,No,2,,,,"Vehicle ran off the side of Ewing Drive (was traveling straight) and overturned in a ditch. No seatbelt, so the driver was ejected and the vehicle rolled on top of him. Declared deceased on the scene.",WSMV: https://www.wsmv.com/2022/05/29/nashville-man-killed-crash-ewing-drive/; WTVF: https://www.newschannel5.com/news/one-dead-after-car-crash-on-hillhurst-drive
20220261041,2022-05-27,01:38:00,vehicle,No,Interstate,I 40,,,-86.895868,36.133733,1,No,20,,,,Driver with a BAC of 0.22 was driving on the shoulder of I-40W and rear-ended a semi truck. Driver was declared dead on the scene.,
20220251094,2022-05-22,02:21:00,vehicle,Yes,State Route,NOLENSVILLE PKE,BASS AV,,-86.7232545,36.0710543,1,No,27,,,,"A vehicle was traveling SB on Nolensville Pike when they left the roadway and struck a utility pole, killing the driver. Driver BAC of .22",
20220250858,2022-05-21,23:02:00,pedestrian; vehicle,No,Interstate,I 65,,,-86.776745,36.202604,1,No,2,,,,On I-65 N. A vehicle had broken down in the roadway and the vehicle occupant had been walking along the left side shoulder. She tried to cross 5 lanes of the interstate to get to the right side and was struck by a semi-truck,Fox17: https://fox17.com/news/local/woman-killed-after-car-breaks-down-in-the-middle-of-i-65
20220248999,2022-05-20,18:46:00,pedestrian; vehicle,No,State Route,MURFREESBORO PKE,FOOTHILL CT,"880 Murfreesboro Pike, Nashville, TN 37217",-86.7174286,36.1320627,1,Yes,13,,,,"Pedestrian hit and run on Murfreesboro Pike. Based on video footage, a vehicle left the roadway and struck a pedestrian who was in the grass, well outside the roadway,",
20220242647,2022-05-17,17:50:00,bicycle; vehicle,No,Local,ANTIOCH PKE,HARDING INDUSTRIAL DR,"1205 Antioch Pike, Nashville, TN 37211",-86.6985582,36.0919131,1,Yes,28,,,,A cyclist was traveling in the wrong direction of Antioch Pike and struck a vehicle that was fully stopped and fell to the ground. The cyclist died the next day from injuries.,
20220240348,2022-05-16,15:49:00,vehicle,Yes,State Route,HESTER BEASLEY RD,HIGHWAY 100,,-87.0273029,36.0209738,1,No,35,,,,"Vehicle traveling on Hester Beasely Road left the road to the right and struck a tree. Cause for leaving the roadway unknown, aside from maneuvering slight curve. No seatbelt.",
20220240084,2022-05-16,13:23:00,vehicle,No,Local,RIVERGATE PKWY,RIVERGATE MALL PVTDR,,-86.7022802,36.3040632,1,No,10,,,,A van turned left in front of a semitruck (both traveling on Rivergate Pkwy) onto Bluebird Drive. The passenger in the van was declared deceased on the scene.,
20220237843,2022-05-15,03:01:00,vehicle,No,Local,MCCALL ST,COLBY DR,,-86.7282832,36.0985364,2,No,16,,,,Vehicle2 was backed out of a driveway on McCall Street. Vehicle 1 was traveling very fast and struck Vehicle2. Vehicle1 crashed into a fence and was totaled. Both occupants of Vehicle1 were decreased on the scene.,
20220235851,2022-05-13,20:17:00,pedestrian; vehicle,No,Local,HARDING PL,COVENTRY DR,"423 Harding Pl, Nashville, TN 37211",-86.7280574,36.0786108,1,No,26,,,,"Pedestrian attempts to dart across Harding Place, vehicle tries to swerve out of the way but strikes the pedestrian. Pedestrian passed away 5 days later.",
20220232496,2022-05-11,23:25:00,motorcycle; vehicle,No,State Route,DICKERSON PKE,BRILEY PKWY E EXT RAMP,,-86.757503,36.240543,1,No,3,,,,"Motorcycle traveling SB on Dickerson Pike. Vehicle entering from Briley Pkwy East failed to stop, motorcycle slammed on brakes and lost control, laying the bike on its side and sliding several feet. Driver passed away a week later from injuries.",WKRN: https://www.wkrn.com/news/local-news/nashville/motorcyclist-dies-from-injuries-after-dickerson-pike-crash/
20220230658,2022-05-11,02:30:00,vehicle,Yes,Interstate,I 40,,,-87.018139,36.077092,1,No,35,,,,"Single Veh crash on I-40. Vehicle traveling fast, lost control, struck guardrail, declared dead on the scene",
20220229525,2022-05-10,15:22:00,vehicle,No,Local,PARAGON MILLS RD,ASTER DR,"422 Paragon Mills Rd, Nashville, TN 37211",-86.7182957,36.0893416,2,No,30,,,,Vehicle 1 was traveling EB on Paragon Mills Drive and crossed into the other lane maneuvering a turn and struck Vehicle 2. Vehicle 2 spun and stopped in the EB lane. Vehicle 1 struck and tree and both its passengers did not survive.,
20220224991,2022-05-08,01:57:00,vehicle,No,Interstate,I 40,,,-86.738145,36.14368,1,No,16,,,,Vehicles 1 and 2 were traveling EB on I-40. Vehicle 1 rearended Vehicle 2. Driver of Vehicle 1 did not survive,
20220221174,2022-05-05,20:40:00,pedestrian; vehicle,No,Interstate,I 65,,,-86.763056,36.086691,1,No,25,,,,"A pedestrian had ran across I-65 S, then jumped the barrier to reach I-65 N and was struck by a vehicle.",
20220211045,2022-04-30,18:31:00,vehicle,Yes,State Route,DICKERSON PKE,DICKERSON PKES,,-86.7168093,36.308976,1,No,10,,,,"Driver was traveling south on Dickerson Pike when he left the lane of travel and struck a utility pole. No signs of braking, no signs that the driver was intoxicated, no seatbelt. On a straight portion of roadway, not in a curve.",
20220207395,2022-04-28,18:49:00,motorcycle,No,Local,ELM HILL PKE,MCGAVOCK PKE,"2492 Elm Hill Pike, Nashville, TN 37214",-86.6833345,36.1528384,1,No,15,,,,"Vehicle 2 turned left from elm hill pike to go south on McGavock Pike, entering the travel lane of Vehicle 1 who was traveling EB on Elm Hill. Head on collision.",
20220203073,2022-04-26,18:16:00,motorcycle,No,Interstate,OLD HICKORY BLVD,I40 E ENT RAMP,,-86.7803605,36.1483662,1,No,17,,,,"Report has no notes or indications of the cause of crash. 2 vehicle crash, states that the second vehicle FTYROW",
20220199405,2022-04-24,21:21:00,vehicle,No,Local,BELL RD,KOTTAS PL,"2800 Bell Rd, Nashville, TN 37217",-86.6248488,36.0927022,1,No,13,,,,Head on collision. Operator of vehicle 1 was intoxicated and swerving on Bell Road when he struck Vehicle 2 head on. Operator of Vehicle2 did not survive.,
20220191084,2022-04-20,09:55:00,vehicle,No,State Route,Murfreesboro Pike,1360 Murfreesboro Pike,"1362 Murfreesboro Pike, Nashville, TN 37217",-86.6933082,36.115135,2,No,13,,,,Vehicle1 attempting to make a westbound left turn onto Murfreesboro Pike from 1360 Murfreesboro Pike. Was hit by Vehicle2 driving northbound in the driver's side door. Both occupants of Vehicle1 were fatally injured and wearing seatbelts.,
20220190519,2022-04-20,00:50:00,vehicle,Yes,Local,Bell Road,Stewards Ferry Pike,,-86.6249749,36.1523137,1,No,12,,,,Stolen vehicle driving at a high rate of speed. Wasn't able to navigate curve and struck a berm and went airborne. Landed on roof of car.,
20220187757,2022-04-18,22:30:00,pedestrian,No,Local,Dr. DB Todd Jr Boulevard,Wheless Street,"1688 Dr DB Todd Jr Blvd, Nashville, TN 37208",-86.8091414,36.1758884,1,Yes,21,,,,Pedestrian1 in crosswalk crossing from west to east. Vehicle1 driving northbound failed to respond and hit Pedestrian1. Intersection has a marked crosswalk and streetlighting.,
20220183545,2022-04-16,13:30:00,vehicle,No,State Route,Bell Road,Beechwood Terrace,,-86.6683985,36.0448378,1,No,33,,,,Vehicle1 traveling west on Bell Road in inside lane. Vehicle2 turned left in front of Vehicle1 and was hit broadside. Vehicle2 was then hit by Vehicle3. Vehicle3 then hit Vehicle4. Driver of Vehicle2 sustained fatal injuries.,
20220181210,2022-04-15,01:30:00,vehicle,Yes,State Route,Nolensville Pike,6572 Nolensville Pike,"6580 Nolensville Pk, Antioch, TN 37013",-86.698219,36.0037622,1,No,31,,,,Vehicle1 driving southbound on Nolensville Pike. Entered right shoulder and overcorrected and traveled across northbound lanes. Hit driveway culvert and struck a tree and caught fire.,
20220180449,2022-04-14,18:20:00,motorcycle; vehicle,No,Interstate,I-24 West,Bell Road Off-Ramp,,-86.657822,36.045162,1,No,32,,,,Exited I-24 and hit a pile of concrete in the shoulder. Lost control and fell of motorcycle.,
20220164241,2022-04-06,20:19:00,pedestrian,No,State Route,Gallatin Pike,Due West Avenue,"1198 Gallatin Pike, Madison, TN 37115",-86.7085299,36.2800302,1,No,9,,,,Pedestrian1 crossing from east to west on south side of intersection. Entered southbound lanes and Vehicle1 attempted to avoid Pedestrian1. Pedestrian1 was hit into northbound traffic and hit by Vehicle2 which fled the scene.,
20220154681,2022-04-01,20:21:00,pedestrian,No,Local,Dickerson Pike,Sunset Drive,"2921 Dickerson Pike, Nashville, TN 37207",-86.7604432,36.2230668,1,Yes,5,,,,Pedestrian1 on east side of Dickerson Pike.,WKRN: https://www.wkrn.com/news/local-news/nashville/somethings-got-to-change-nashville-family-looks-for-answers-after-fatal-hit-and-run-crash/
20220154190,2022-04-01,13:50:00,pedestrian,No,State Route,Old Hickory Boulevard,600 Block,"628 W Old Hickory Blvd, Madison, TN 37115",-86.7289941,36.2644565,1,No,3,,,,Pedestrian1 crossing from east to west and had crossed four lanes of traffic (including the center turn lane). WeGo bus had plenty of time to see the pedestrian and failed to stop.,WTVF: https://www.newschannel5.com/news/wego-bus-hits-pedestrian-on-old-hickory-boulevard; WSMV: https://www.wsmv.com/2022/04/18/wego-bus-driver-cited-after-death-pedestrian/
20220153643,2022-04-01,07:29:00,vehicle,Yes,Local,McCrory Lane,8276 McCrory Lane,"8201 McCrory Lane, Nashville, TN 37221",-87.0060204,36.0718926,1,No,35,,,,"Lost control, went down embankment on right side of roadway.",
20220134985,2022-03-22,19:18:00,vehicle,Yes,Local,Due West Avenue,1036 Due West Avenue,,-86.7529206,36.2559482,1,No,3,,,,Lost control.,Davidson County Source: https://davidsoncountysource.com/man-identified-in-fatal-single-car-crash-on-due-west-avenue-tuesday-night/?feed_id=378&_unique_id=623b62b83043b
20220128080,2022-03-19,03:02:00,vehicle,Yes,Local,Brewer Drive,411 Brewer Drive,,-86.7165074,36.0531056,2,No,27,,,,"High rate of speed, lost control.",
20220119534,2022-03-14,22:11:00,pedestrian,No,State Route,Murfreesboro Pike,800 Block,880 Murfreesboro Pike,-86.7174286,36.1320627,1,No,13,,,,"Near curve and crest of a hill, wooded area between 880 and 874 Murfreesboro Pike.",
20220110192,2022-03-09,18:37:00,vehicle,No,State Route,Ashland City Highway,Old Hickory Boulevard,5101 Ashland City Highway,-86.9212729,36.2114938,1,No,1,,,,"Vehicle1 westbound Ashland City, Vehicle2 eastbound Ashland City and turning left onto OHB. Vehicle1 traveling at high rate of speed and hit Vehicle2. Driver of Vehicle1 experience fatal injuries.",WTVF: https://www.newschannel5.com/news/victims-identified-in-fatal-wednesday-night-car-crash-at-ashland-city-highway-and-old-hickory-boulevard
20220099648,2022-03-04,10:24:00,vehicle,No,Local,Briley Parkway Northbound,Exit 12 (Opryland / McGavock Pike),,-86.6960144,36.2103976,1,No,15,,,,"Construction traffic, driving too fast, rear-end, passenger of one of the hit cars experienced fatal injuries.",
20220099285,2022-03-04,05:42:00,vehicle,Yes,Local,Old Clarksville Pike,6509 Old Clarksville Pike,,-86.911429,36.3161,1,No,1,,,,"High rate of speed, lost control.",WSMV: https://www.wsmv.com/2022/03/04/metro-pd-1-dead-after-crash-clarksville-pike/
20220077274,2022-02-19,08:30:00,vehicle,Yes,Local,Highway 100,7875 Highway 100,,-86.939498,36.0482187,1,No,35,,,,"Left the roadway, unknown why.",
20220074716,2022-02-17,19:39:00,pedestrian,No,State Route,Dickerson Pike,Old Trinity Lane,101 Old Trinity Lane,-86.768224,36.206809,1,Yes,5,,,,Pedestrian crossing from east to west. 273' from Trinity Lane crosswalk. No sidewalks on the east side of the road in the area of the crash.,WKRN: https://www.wkrn.com/news/crime-tracker/driver-surrenders-after-deadly-hit-and-run-crash-in-east-nashville/
20220052558,2022-02-04,07:54:00,vehicle,No,Local,Poplar Creek Road,8257 Poplar Creek Road,8390 Poplar Creek Road,-86.983777,36.0543711,1,No,35,,,,Failed to negotiate the curve during snow/sleet and hit oncoming vehicle.,
20220045092,2022-01-30,21:00:00,vehicle,No,Interstate,I-440 West,MM 4.8,,-86.784965,36.115945,1,No,17,,,,Vehicle1 traveling wrong way on I-440 and struck Vehicle2. Driver of Vehicle2 was wearing seatbelt and experienced fatal injuries.,
20220044253,2022-01-30,05:39:00,bicycle,No,Local,Nolensville Pike,Morton Avenue,3013 Nolensville Pike,-86.7432777,36.1065252,1,No,16,,,,Bicycle1 appeared to be crossing from east to west just north of the intersection and was struck by Vehicle1. Bicycle1 experience fatal injuries.,
20220044012,2022-01-30,00:32:00,vehicle,Yes,State Route,Murfreesboro Pike,Donelson Pike,,-86.6730031,36.1062729,1,No,13,,,,"Vehicle1 traveling at a high rate of speed, crossed several lanes of oncoming traffic and left the roadway on the north side of Murfreesboro Pike.",
20220037742,2022-01-26,08:11:00,vehicle,Yes,Local,Bell Road,Hickory Hollow Parkway,,-86.6560799,36.0475452,1,No,32,,,,"Vehicle1 traveling at a high rate of speed, left the roadway, and began to roll. Ejected both kids, not restrained. One kid experienced fatal injuries.",
20220031065,2022-01-21,20:44:00,pedestrian,No,Local,Elm Hill Pike,2350 Elm Hill Pike,2350 Elm Hill Pike,-86.685105,36.1538288,1,No,15,,,,Vehicle1 traveling northbound in outside lane and hit Pedestrian1. Believe that Pedestrian1 was walking in outside lane (no sidewalk).,
20220027476,2022-01-19,18:05:00,pedestrian,No,Local,Acklen Park Drive,Hillcrest Place (east),100 Acklen Park Drive,-86.8180832,36.141596,1,No,24,,,,Vehicle1 turning from Hillcrest Place (east) left onto Acklen Park Drive eastbound and hit pedestrian.,
20220026923,2022-01-19,10:45:00,vehicle,No,State Route,Whites Creek Pike,Sycamore Creek Road,,-86.8947808,36.3816758,1,No,1,,,,Vehicle1 crosses center line and hits Vehicle2 head-on. Vehicle1 is not wearing seatbelt and experienced fatal injuries.,Fox17: https://fox17.com/news/local/deadly-car-crash-on-whites-creek-pike
20220022977,2022-01-16,19:48:00,vehicle,Yes,Local,Bell Road,Percy Priest Dam,3760 Bell Road,-86.6172382,36.1575698,1,No,12,,,,"Ice on dam, lost control and hit concrete wall",
20220021610,2022-01-15,19:02:00,pedestrian,No,Local,Dickerson Pike,2900 Dickerson Pike,2900 Dickerson Pike,-86.7625334,36.2211009,1,Yes,2,,,,Unknown if pedestrian was walking in roadway or crossing street. Raining,WTVF: https://www.newschannel5.com/news/family-of-hit-and-run-victim-killed-on-dickerson-pike-wants-driver-to-come-forward
20220020437,2022-01-14,21:49:00,vehicle,No,Local,Gallatin Pike,1500 Block,,-86.743737,36.193865,1,No,6,,,,Vehicle1 traveling at high rate of speed going northbound. Vehicle2 pulled out of a driveway and was hit by Vehicle1. Passenger of Vehicle1 experienced fatal injuries.,
20220017585,2022-01-13,04:32:00,pedestrian,No,Local,Demonbreun Street,13th Avenue,1300 Demonbreun Street,-86.7884173,36.1536051,1,No,19,,,,0,
20220001861,2022-01-02,09:56:00,vehicle,Yes,Local,Union Hill Road,Crocker Springs Road,2300 Union Hill Rd,-86.8205856,36.3339279,1,No,10,,,,"Failed to negotiate the curve, ran off the left side of the roadway.",
20220000427,2022-01-01,07:02:00,vehicle,Yes,Local,Old Hickory Boulevard,Cane Ridge Road,13400 Old Hickory Boulevard,-86.6322378,36.0015488,1,No,33,,,,"Wet road in curve, failed to negotiate the curve, ran off the left side of roadway",
20220000238,2022-01-01,02:41:00,vehicle,No,Interstate,I-24,MM 39.2,,-86.810996,36.295477,1,No,1,,,,Wrong way on interstate,
20210658407,2021-12-31,06:00:00,vehicle,No,Local,,,MT VIEW RD & BABY RUTH LN,-86.63722,36.04217,1,No,32,,,,"TREE;Ran Off Road-Right, CLEAR, DARK - NOT LIGHTED",
20210653989,2021-12-28,12:50:00,pedestrian,No,State Route,,,EAST THOMPSON LN & MURFREESBORO PKE,-86.7117,36.12637,1,Yes,16,,,,"PEDESTRIAN, CLOUDY, DAYLIGHT",
20210653490,2021-12-28,03:13:00,pedestrian,No,State Route,,,GALLATIN PKE & BRILEY PKWY W ENT RAMP,-86.72405,36.23812,1,No,7,,,,"PEDESTRIAN, CLEAR, DARK - NOT LIGHTED",
20210650559,2021-12-25,12:49:00,vehicle,No,State Route,,,DICKERSON PKES & HILLCREST RD,-86.74526,36.28622,1,No,3,,,,"UTILITY POLE;Ran Off Road-Right, CLEAR, DAYLIGHT",
20210633919,2021-12-14,14:28:00,vehicle,No,Interstate,,,MM 82 2 I 65,-86.77743,36.14501,1,No,17,,,,"MOTOR VEHICLE IN TRANSPORT;Ran Off Road-Left, OTHER, CLEAR, DAYLIGHT",
20210633156,2021-12-14,01:14:00,vehicle,No,State Route,,,ROSA L PARKS BLVD & MONROE ST,-86.79267,36.17528,1,Yes,19,,,,"MOTOR VEHICLE IN TRANSPORT;OTHER TYPE NON-MOTORIST, CLEAR, DARK - LIGHTED",
20210627930,2021-12-10,16:10:00,vehicle,No,Interstate,,,I440 W EXT RAMP & I 440,-86.74903,36.12387,1,No,16,,,,"TREE;Ran Off Road-Right, CLOUDY, DAYLIGHT",
20210621703,2021-12-07,01:45:00,pedestrian,No,State Route,,,W TRINITY LN & HAMPTON ST,-86.77906,36.20669,1,Yes,2,,,,"PEDESTRIAN, CLEAR, DARK - LIGHTED",
20210620908,2021-12-06,16:01:00,vehicle,No,Interstate,,,MM 87 0 I 65,-86.77685,36.20257,1,No,2,,,,"MOTOR VEHICLE IN TRANSPORT, SIDESWIPE - SAME DIRECTION, CLEAR, DAYLIGHT",
20210620737,2021-12-06,13:53:00,vehicle,No,State Route,,,BELL RD & BENZING RD,-86.69734,36.04501,1,No,31,,,,"MOTOR VEHICLE IN TRANSPORT;UTILITY POLE, ANGLE, CLEAR, DAYLIGHT",
20210618828,2021-12-05,01:33:00,vehicle,No,Local,,,BELL RD & SMITH SPRINGS RD,-86.62548,36.09123,1,No,13,,,,"MOTOR VEHICLE IN TRANSPORT, HEAD-ON, CLEAR, DARK - LIGHTED",
20210616994,2021-12-03,20:17:00,vehicle,No,State Route,,,HIGHWAY 100 & WARNER NATURE CTR PVTDR,-86.91094,36.06127,1,No,34,,,,"MOTOR VEHICLE IN TRANSPORT, Front to Rear, CLEAR, DAYLIGHT",
20210610551,2021-11-30,07:13:00,vehicle,No,State Route,,,OLD HICKORY BLVD & OWEN DR,-86.61621,36.02326,1,Yes,32,,,,"MOTOR VEHICLE IN TRANSPORT;Ran Off Road-Right, HEAD-ON, CLEAR, DARK - LIGHTED",
20210607849,2021-11-28,09:12:00,vehicle,No,Interstate,,,MM 57 6 I 24,-86.68237,36.06237,1,No,33,,,,"MOTOR VEHICLE IN TRANSPORT, Front to Rear, CLEAR, DARK - LIGHTED",
20210602455,2021-11-24,08:44:00,vehicle,No,State Route,,,WHITES CREEK PKE & OLD CLARKSVILLE PKE,-86.8603,36.31202,1,No,1,,,,"WALL, CLEAR, DARK - NOT LIGHTED",
20210600042,2021-11-22,21:16:00,vehicle,No,State Route,,,DICKERSON PKE & LEMUEL RD,-86.76394,36.2153,1,No,5,,,,"MOTOR VEHICLE IN TRANSPORT, ANGLE, CLEAR, DAYLIGHT",
20210595565,2021-11-19,15:42:00,vehicle,No,State Route,,,OLD HICKORY BLVD & ANDREW JACKSON WAY,-86.60812,36.18214,2,No,14,,,,"MOTOR VEHICLE IN TRANSPORT, ANGLE, CLEAR, DAYLIGHT",
20210594463,2021-11-18,23:05:00,pedestrian,No,Local,,,E TRINITY LN & DOZIER PL,-86.74263,36.20404,1,Yes,5,,,,"PEDESTRIAN, CLEAR, DARK - LIGHTED",
20210591823,2021-11-17,11:52:00,vehicle,No,Local,,,3014 ELM HILL PKE,-86.64779,36.14265,1,No,13,,,,"MOTOR VEHICLE IN TRANSPORT, HEAD-ON, CLEAR, DARK - NOT LIGHTED",
20210586648,2021-11-14,01:24:00,pedestrian,No,Local,,,NEELYS BEND RD & LARKIN SPRINGS RD,-86.68658,36.24958,1,No,9,,,,"PEDESTRIAN, CLEAR, DARK - NOT LIGHTED",
20210584444,2021-11-12,15:29:00,vehicle,Yes,State Route,,,NOLENSVILLE PKE & HIGGINS ST,-86.72393,36.07195,1,No,27,,,,"MOTOR VEHICLE IN TRANSPORT, ANGLE, CLEAR, DAYLIGHT",
20210578778,2021-11-09,12:00:00,pedestrian,No,State Route,,,MURFREESBORO PKE & MCGAVOCK PKE,-86.69662,36.1161,1,No,13,,,,"PEDESTRIAN, CLEAR, DAWN",
20210568520,2021-11-03,00:35:00,pedestrian,No,State Route,,,DICKERSON PKE & MAPLEWOOD TRC,-86.75872,36.23275,1,No,5,,,,"PEDESTRIAN, CLEAR, DARK - LIGHTED",
20210562750,2021-10-30,05:44:00,pedestrian,No,Local,,,DEMONBREUN ST & 11TH AVS,-86.78477,36.15521,1,No,19,,,,"PEDESTRIAN, CLEAR, DARK - LIGHTED",
20210559852,2021-10-28,15:26:00,vehicle,No,Local,,,E TRINITY LN & CASPER AV,-86.74,36.20374,1,No,5,,,,"MOTOR VEHICLE IN TRANSPORT;Cross Center Line, HEAD-ON, CLOUDY, DAYLIGHT",
20210556907,2021-10-27,01:32:00,pedestrian; vehicle,No,State Route,,,LEBANON PKE & J B ESTILLE DR,-86.6681,36.16898,1,No,15,,,,"PEDESTRIAN, CLEAR, DARK - LIGHTED",
20210541645,2021-10-18,06:03:00,vehicle,No,Local,,,ANTIOCH PKE & HAYWOOD LN,-86.68454,36.07029,1,No,28,,,,"GUARDRAIL FACE;CURB;SHRUBBERY;Ran Off Road-Right;Vehicle Airborne, CLEAR, DARK - LIGHTED",
20210532330,2021-10-12,16:27:00,vehicle,No,State Route,,,MURFREESBORO PKE & TOWN PARK DR,-86.66621,36.10307,1,No,28,,,,"MOTOR VEHICLE IN TRANSPORT, ANGLE, CLEAR, DAYLIGHT",
20210528424,2021-10-10,03:47:00,pedestrian,No,Interstate,,,MM 52 9 I 24,-86.72687,36.12015,2,No,16,,,,"PEDESTRIAN, CLEAR, DARK - LIGHTED",
20210521768,2021-10-06,05:13:00,vehicle,Yes,Interstate,,,I40 E EXT RAMP & I 40,-86.81396,36.16829,1,No,21,,,,"LUMINAIRE/LIGHT SUPPORT;Ran Off Road-Left, CLOUDY, DARK - LIGHTED",
20210519844,2021-10-05,02:15:00,vehicle,Yes,Interstate,,,MM 194 0 I 40,-86.99265,36.07811,1,No,35,,,,", CLEAR, DARK - NOT LIGHTED",
20210519481,2021-10-04,20:43:00,vehicle,No,State Route,,,STATE RT 45 & ARCHWOOD DR,-86.68715,36.26366,1,No,9,,,,"MOTOR VEHICLE IN TRANSPORT;DITCH;Ran Off Road-Right, ANGLE, CLEAR, DAYLIGHT",
20210518049,2021-10-04,00:33:00,vehicle,No,Local,,,3RD AVS & SHELBY ST PEDESTRIAN BRIDGE GR,-86.77507,36.16017,1,No,19,,,,"OTHER TYPE NON-MOTORIST, CLEAR, DARK - LIGHTED",
20210516983,2021-10-03,02:53:00,vehicle,No,State Route,,,WHITES CREEK PKE & PARMLEY LN,-86.82354,36.24533,1,No,1,,,,"MOTOR VEHICLE IN TRANSPORT;FENCE, ANGLE, RAIN, DARK - LIGHTED",
20210492571,2021-09-19,14:28:00,vehicle,No,Interstate,,,MM 56 6 I 24,-86.6929,36.07465,2,No,28,,,,"MOTOR VEHICLE IN TRANSPORT;GUARDRAIL FACE, RAIN, DAYLIGHT",
20210488662,2021-09-17,04:19:00,vehicle,Yes,Interstate,,,I65 N ENT RAMP & I 65,-86.74754,36.24349,1,No,5,,,,"GUARDRAIL FACE, CLEAR, DARK - NOT LIGHTED",
20210486684,2021-09-16,03:04:00,vehicle,No,State Route,,,GALLATIN PKEN & DULING AV,-86.71122,36.26509,1,No,9,,,,"MOTOR VEHICLE IN TRANSPORT, HEAD-ON, CLEAR, DARK - LIGHTED",
20210484845,2021-09-15,03:30:00,pedestrian; vehicle,No,Local,,,ELM HILL PKE & TWIN ELMS CT,-86.73733,36.14405,1,No,15,,,,"PEDESTRIAN, CLEAR, DARK - LIGHTED",
20210480785,2021-09-12,21:35:00,vehicle,Yes,State Route,,,PORTLAND AV & 21ST AVS,-86.80131,36.13323,1,No,18,,,,"MOTOR VEHICLE IN TRANSPORT, ANGLE, CLEAR, DAYLIGHT",
20210471637,2021-09-07,18:09:00,vehicle,No,State Route,,,700 DICKERSON PKE,-86.77383,36.18347,1,No,5,,,,"UTILITY POLE, CLEAR, DAYLIGHT",
20210467973,2021-09-05,05:46:00,pedestrian,No,State Route,,,NOLENSVILLE PKE & PARAGON MILLS RD,-86.72834,36.08502,1,Yes,26,,,,"PEDESTRIAN, CLEAR, DARK - LIGHTED",
20210467032,2021-09-04,15:04:00,pedestrian; vehicle,No,State Route,,,MURFREESBORO PKE & KERMIT DR,-86.70531,36.12219,1,No,16,,,,"PEDESTRIAN, CLEAR, DAYLIGHT",
20210466734,2021-09-04,07:32:00,vehicle,No,State Route,,,LEBANON PKE & SHUTE LN,-86.60466,36.21461,1,No,11,,,,"MOTOR VEHICLE IN TRANSPORT;Other Traffic Barrier;FENCE;Ran Off Road-Right;Vehicle Airborne, ANGLE, CLEAR, DARK - LIGHTED",
20210462845,2021-09-02,07:11:00,pedestrian,No,Local,,,EASTLAND AV & MITCHELL RD,-86.71422,36.17858,1,Yes,6,,,,"PEDESTRIAN, CLEAR, DARK - NOT LIGHTED",
20210459158,2021-08-31,11:16:00,vehicle,No,Interstate,,,MM 57 8 I 24,-86.67994,36.06004,1,No,33,,,,"MOTOR VEHICLE IN TRANSPORT;WALL;Ran Off Road-Left, ANGLE, RAIN, DAYLIGHT",
20210449999,2021-08-25,20:50:00,pedestrian; vehicle,No,Local,,,LEWIS ST & J C NAPIER CT,-86.7585,36.1479,1,No,17,,,,"PEDESTRIAN, UNKNOWN, DAYLIGHT",
20210449549,2021-08-25,15:36:00,vehicle,No,State Route,,,1200 ROBINSON RD,-86.65929,36.25966,1,No,11,,,,"MOTOR VEHICLE IN TRANSPORT, ANGLE, CLEAR, DAYLIGHT",
20210447694,2021-08-24,15:41:00,vehicle,Yes,Local,,,ELM HILL PKE & MASSMAN DR,-86.7131,36.14464,1,No,15,,,,"MOTOR VEHICLE IN TRANSPORT, Front to Rear, CLEAR, DAYLIGHT",
20210432727,2021-08-15,18:20:00,vehicle,No,State Route,,,GALLATIN PKES & DUE WEST AVE,-86.71996,36.2486,1,Yes,7,,,,"MOTOR VEHICLE IN TRANSPORT;OTHER TYPE NON-MOTORIST;OTHER FIXED OBJECTS, CLOUDY, DAYLIGHT",
20210430336,2021-08-14,01:39:00,pedestrian,No,Interstate,,,MM 207 7 I 40,-86.79871,36.1712,1,No,21,,,,"PEDESTRIAN, CLEAR, DARK - NOT LIGHTED",
20210425701,2021-08-11,15:47:00,pedestrian,No,Interstate,,,14TH AVN & CHARLOTTE AV,-86.79373,36.16104,1,No,19,,,,"MOTOR VEHICLE IN TRANSPORT;UTILITY POLE;OTHER POST, POLE, SUPP.;Ran Off Road-Left;PEDESTRIAN, CLEAR, DAYLIGHT",
20210418841,2021-08-07,04:22:00,pedestrian,No,Local,,,BELL RD & NASHBORO BLVD,-86.62751,36.08883,1,No,29,,,,"PEDESTRIAN, CLEAR, DARK - LIGHTED",
20210416086,2021-08-05,17:22:00,vehicle,No,State Route,,,HIGHWAY 70 & MCCRORY LN,-87.02308,36.09339,1,No,35,,,,"MOTOR VEHICLE IN TRANSPORT, ANGLE, CLEAR, DAYLIGHT",
20210407506,2021-07-31,07:30:00,vehicle,No,Interstate,,,MM 86 0 I 65,-86.80073,36.17948,1,No,19,,,,"MOTOR VEHICLE IN TRANSPORT;EMBANKMENT ROCK/STONE/CONCRETE, SIDESWIPE - OPPOSITE DIRECTION, CLEAR, DARK - LIGHTED",
20210396981,2021-07-25,10:33:00,vehicle,Yes,State Route,,,MURFREESBORO PKE & GLENGARRY DR,-86.70359,36.12083,1,Yes,13,,,,"MOTOR VEHICLE IN TRANSPORT, ANGLE, CLEAR, DAYLIGHT",
20210388129,2021-07-20,12:10:00,vehicle,No,Local,,,1600 J P HENNESSY DR,-86.60162,36.01321,1,No,32,,,,"OTHER OBJECT (NOT FIXED);Ran Off Road-Right, CLEAR, DAYLIGHT",
20210385826,2021-07-19,01:35:00,pedestrian,No,State Route,,,BRILEY PKWY & I40 W EXT RAMP,-86.85761,36.153,1,No,20,,,,"MOTOR VEHICLE IN TRANSPORT;PEDESTRIAN, ANGLE, CLOUDY, DARK - LIGHTED",
20210371847,2021-07-10,06:09:00,pedestrian; vehicle,No,Interstate,,,MM 211 2 I 40,-86.75597,36.1531,1,No,17,,,,"PEDESTRIAN, CLEAR, DARK - LIGHTED",
20210359321,2021-07-02,20:19:00,vehicle,No,State Route,,,ROBINSON RD & MERRITT ST,-86.654,36.25584,1,No,11,,,,"MOTOR VEHICLE IN TRANSPORT, HEAD-ON, CLOUDY, DAYLIGHT",
20210349458,2021-06-27,12:33:00,vehicle,Yes,State Route,,,HIGHWAY 100 & HIGHWAY 96,-87.03094,36.01747,1,No,35,,,,"MOTOR VEHICLE IN TRANSPORT, ANGLE, CLEAR, DAYLIGHT",
20210349131,2021-06-27,06:28:00,vehicle,No,Interstate,,,MM 57 4 I 24,-86.68468,36.06489,1,No,27,,,,"MOTOR VEHICLE IN TRANSPORT;PARKED MOTOR VEHICLE, Front to Rear, CLEAR, DARK - LIGHTED",
20210347707,2021-06-26,07:07:00,vehicle,No,State Route,,,OLD HICKORY BLVD & BRIGHT HOUR FARM PVTD,-86.8076,36.03874,1,No,34,,,,"CURB;TREE, CLEAR, DARK - LIGHTED",
20210343787,2021-06-24,08:14:00,vehicle,Yes,Local,,,12TH AVN & CLINTON ST,-86.79524,36.16551,1,No,19,,,,"RAILWAY TRAIN, CLEAR, DARK - LIGHTED",
20210331944,2021-06-17,20:00:00,vehicle,Yes,Interstate,,,MM 6 0 I 440,-86.75703,36.12143,1,No,16,,,,"MOTOR VEHICLE IN TRANSPORT, Front to Rear, CLEAR, DAYLIGHT",
20210323646,2021-06-13,05:22:00,pedestrian,No,Interstate,,,MM 51 3 I 24,-86.72858,36.13902,1,No,16,,,,"MOTOR VEHICLE IN TRANSPORT;PARKED MOTOR VEHICLE;PEDESTRIAN, Front to Rear, CLEAR, DARK - LIGHTED",
20210322426,2021-06-12,10:41:00,pedestrian,No,Local,,,HAYWOOD LN & HOPEDALE DR,-86.71766,36.06875,1,Yes,27,,,,"PEDESTRIAN, CLEAR, DAYLIGHT",
20210322386,2021-06-12,09:43:00,vehicle,Yes,State Route,,,OLD HICKORY BLVD & BELLE VALLEY DR,-86.92221,36.10282,1,No,23,,,,"UTILITY POLE;EMBANKMENT EARTH, CLEAR, DARK - NOT LIGHTED",
20210318262,2021-06-10,12:52:00,vehicle,Yes,Local,,,OLD HICKORY BLVD & CLOVER GLENN WAY,-86.64159,36.00083,1,No,33,,,,"MAIL BOX;FIRE HYDRANT;Ran Off Road-Left;EMBANKMENT EARTH, CLOUDY, DAYLIGHT",
20210304884,2021-06-03,06:53:00,vehicle,Yes,Local,,,W TRINITY LN & OLD BUENA VISTA RD,-86.81311,36.20556,1,No,2,,,,", CLEAR, DARK - LIGHTED",
20210300020,2021-05-31,17:35:00,vehicle,No,State Route,,,MURFREESBORO PKE & HOBSON PKE,-86.60655,36.04285,1,No,8,,,,"MOTOR VEHICLE IN TRANSPORT, ANGLE, CLEAR, DAYLIGHT",
20210294221,2021-05-28,04:31:00,vehicle,No,State Route,,,MURFREESBORO PKE & SMITH SPRINGS RD,-86.65562,36.09616,2,No,28,,,,"MOTOR VEHICLE IN TRANSPORT;THROWN OR FALLING OBJECT, HEAD-ON, CLEAR, DARK - LIGHTED",
20210276728,2021-05-19,05:39:00,pedestrian,No,State Route,,,800 MURFREESBORO PKE,-86.7223,36.13385,1,No,16,,,,"PEDESTRIAN, CLEAR, DARK - LIGHTED",
20210273628,2021-05-17,17:15:00,pedestrian; vehicle,No,Interstate,,,MM 52 0 I 24,-86.72675,36.13269,1,No,16,,,,"PEDESTRIAN, CLEAR, DAYLIGHT",
20210271085,2021-05-16,04:00:00,vehicle,No,State Route,,,DOUGLAS AV & ELLINGTON PKWY S EXT RAMP,-86.75329,36.19338,1,No,5,,,,"MOTOR VEHICLE IN TRANSPORT, ANGLE, CLEAR, DARK - LIGHTED",
20210269770,2021-05-15,07:02:00,pedestrian,No,Interstate,,,MM 209 3 I 40,-86.78735,36.15298,1,No,19,,,,"MOTOR VEHICLE IN TRANSPORT;PARKED MOTOR VEHICLE;PEDESTRIAN, SIDESWIPE - SAME DIRECTION, CLEAR, DARK - LIGHTED",
20210255346,2021-05-07,22:21:00,pedestrian,No,Local,,,WESTCHESTER DR & DEVONSHIRE DR,-86.76426,36.26288,1,Yes,3,,,,"PEDESTRIAN, CLEAR, DAYLIGHT",
20210251821,2021-05-06,05:01:00,vehicle,No,Interstate,,,MM 51 1 I 24,-86.7275,36.13082,1,No,16,,,,"MOTOR VEHICLE IN TRANSPORT, SIDESWIPE - SAME DIRECTION, CLEAR, DARK - LIGHTED",
20210239977,2021-04-29,22:09:00,vehicle,No,Interstate,,,MM 88 6 I 65,-86.77443,36.22524,1,No,2,,,,"GUARDRAIL FACE, RAIN, DAYLIGHT",
20210225901,2021-04-22,19:30:00,vehicle,No,Local,,,ANDREW JACKSON PKWY & TYLER DR,-86.60857,36.19736,1,No,14,,,,"MOTOR VEHICLE IN TRANSPORT, ANGLE, CLEAR, DAYLIGHT",
20210218559,2021-04-19,07:00:00,vehicle,No,Interstate,,,MM 61 1 I 24,-86.63678,36.02912,1,No,33,,,,"MOTOR VEHICLE IN TRANSPORT;DITCH, SIDESWIPE - SAME DIRECTION, CLEAR, DARK - NOT LIGHTED",
20210217802,2021-04-18,18:28:00,vehicle,No,Local,,,BELL RD & PLEASANT HILL RD,-86.63033,36.12412,1,No,13,,,,"MOTOR VEHICLE IN TRANSPORT, ANGLE, CLOUDY, DAYLIGHT",
20210212824,2021-04-16,01:47:00,vehicle,No,Interstate,,,MM 75 2 I 65,-86.77696,36.04723,1,No,25,,,,"MOTOR VEHICLE IN TRANSPORT;PARKED MOTOR VEHICLE, Front to Rear, CLEAR, DARK - NOT LIGHTED",
20210201949,2021-04-10,08:09:00,vehicle,Yes,Interstate,,,MM 51 4 I 24,-86.72726,36.13936,1,No,16,,,,"WALL, CLEAR, DARK - LIGHTED",
20210200948,2021-04-09,22:13:00,vehicle,No,State Route,,,HARDING PKE & ROYAL OAKS CONDOS PVTDR,-86.84992,36.12334,1,No,23,,,,"MOTOR VEHICLE IN TRANSPORT, ANGLE, CLOUDY, DAYLIGHT",
20210194622,2021-04-07,01:23:00,pedestrian,No,Interstate,,,MM 85 1 I 65,-86.79962,36.18183,1,Yes,19,,,,"PEDESTRIAN, CLEAR, DARK - LIGHTED",
20210190372,2021-04-04,21:55:00,vehicle,No,State Route,,,SPRINGFIELD HWY & GAYLEMORE DR,-86.7339,36.36547,1,No,10,,,,"MOTOR VEHICLE IN TRANSPORT, ANGLE, CLEAR, DAYLIGHT",
20210184790,2021-04-01,23:23:00,vehicle,No,Local,,,STAINBACK AV & DOUGLAS AV,-86.76456,36.19424,1,No,5,,,,"MOTOR VEHICLE IN TRANSPORT;PARKED MOTOR VEHICLE, HEAD-ON, CLEAR, DAYLIGHT",
20210172669,2021-03-26,18:11:00,vehicle,No,State Route,,,OLD CHARLOTTE PKE & I40 E ENT RAMP,-86.89553,36.13188,1,No,23,,,,"MOTOR VEHICLE IN TRANSPORT;UTILITY POLE;EMBANKMENT EARTH, ANGLE, CLEAR, DAYLIGHT",
20210172202,2021-03-26,13:28:00,vehicle,Yes,Local,,,STEWARTS FERRY PKE & DONELSONWOOD DR,-86.65576,36.16705,1,No,15,,,,"CURB;Ran Off Road-Left;EMBANKMENT EARTH, CLEAR, DAYLIGHT",
20210159942,2021-03-20,06:43:00,pedestrian; vehicle,No,Interstate,,,MM 57 2 I 24,-86.68691,36.06703,1,No,30,,,,"PEDESTRIAN, CLEAR, DARK - NOT LIGHTED",
20210159905,2021-03-20,06:32:00,vehicle,No,State Route,,,BRILEY PKWYN & BRILEY PKWYN,-86.69558,36.17951,1,No,15,,,,"MOTOR VEHICLE IN TRANSPORT, HEAD-ON, CLEAR, DARK - LIGHTED",
20210148994,2021-03-15,03:43:00,vehicle,No,State Route,,,HAMILTON CHURCH RD & MURFREESBORO PKE,-86.62848,36.06479,2,Yes,32,,,,"MOTOR VEHICLE IN TRANSPORT, ANGLE, CLEAR, DARK - LIGHTED",
20210142921,2021-03-11,22:44:00,vehicle,Yes,Local,,,3900 W HAMILTON RD,-86.85014,36.21073,1,No,1,,,,"TREE, CLEAR, DUSK",
20210142866,2021-03-11,22:11:00,vehicle,No,Interstate,,,MM 200 3 I 40,-86.90884,36.12313,3,No,23,,,,"MOTOR VEHICLE IN TRANSPORT;PARKED MOTOR VEHICLE;Ran Off Road-Right, Front to Rear, CLEAR, DAYLIGHT",
20210139999,2021-03-10,17:42:00,vehicle,No,State Route,,,STATE RT 45 & RIO VISTA DR,-86.68097,36.26282,1,No,9,,,,"MOTOR VEHICLE IN TRANSPORT, ANGLE, CLEAR, DAYLIGHT",
20210132258,2021-03-06,16:17:00,vehicle,Yes,Local,,,OLD CHARLOTTE PKE & SULLIVAN HOLLOW RD P,-86.94568,36.11893,1,No,35,,,,"UTILITY POLE;EMBANKMENT EARTH, CLEAR, DAYLIGHT",
20210131839,2021-03-06,07:33:00,vehicle,No,Interstate,,,MM 215 8 I 40,-86.68087,36.14231,1,No,13,,,,"MOTOR VEHICLE IN TRANSPORT, Front to Rear, CLEAR, DARK - LIGHTED",
20210130208,2021-03-05,15:01:00,vehicle,No,State Route,,,4600 NOLENSVILLE PKE,-86.72002,36.06916,1,No,27,,,,"UTILITY POLE;Motor Vehicle-In-Motion Outside Trafficw, ANGLE, CLEAR, DAYLIGHT",
20210129426,2021-03-05,06:14:00,vehicle,No,State Route,,,OLD HICKORY BLVD & BELLE VALLEY DR,-86.92221,36.10603,1,No,22,,,,"MOTOR VEHICLE IN TRANSPORT, ANGLE, CLEAR, DARK - LIGHTED",
20210108905,2021-02-24,03:19:00,pedestrian,No,State Route,,,DICKERSON PKE & HART LN,-86.76153,36.22208,1,Yes,5,,,,"PEDESTRIAN, CLEAR, DARK - LIGHTED",
20210107779,2021-02-23,16:09:00,vehicle,No,Interstate,,,I65 S ENT RAMP & I 24,-86.77679,36.22522,1,No,2,,,,"MOTOR VEHICLE IN TRANSPORT;DITCH, Front to Rear, CLEAR, DAYLIGHT",
20210101171,2021-02-20,01:03:00,vehicle,Yes,State Route,,,BRILEY PKWYN & BRILEY PKWY S ENT RAMP,-86.69196,36.21459,1,No,15,,,,"SNOW BANK, CLOUDY, DARK - LIGHTED",
20210083801,2021-02-11,11:54:00,vehicle,No,State Route,,,MM 91 2 I 65,-86.74133,36.24995,1,No,5,,,,"MOTOR VEHICLE IN TRANSPORT, Front to Rear, RAIN, DARK - LIGHTED",
20210074366,2021-02-07,03:48:00,vehicle,Yes,Local,,,BUENA VISTA PKE & RESHA LN,-86.83039,36.19457,1,No,2,,,,"UTILITY POLE, CLEAR, DARK - NOT LIGHTED",
20210057216,2021-01-30,03:48:00,vehicle,No,Interstate,,,MM 46 6 I 24,-86.77618,36.19423,1,No,2,,,,"MOTOR VEHICLE IN TRANSPORT;BRIDGE PIER/ABUTMENT;GUARDRAIL FACE, SIDESWIPE - SAME DIRECTION, CLEAR, DARK - LIGHTED",
20210052597,2021-01-28,01:13:00,vehicle,No,State Route,,,STATE RT 45 & MYATT DR,-86.6903,36.26391,2,No,9,,,,"MOTOR VEHICLE IN TRANSPORT, ANGLE, RAIN, DARK - LIGHTED",
20210050154,2021-01-26,22:14:00,vehicle,No,State Route,,,STATE RT 45 & MYATT DR,-86.69029,36.26407,1,No,9,,,,"MOTOR VEHICLE IN TRANSPORT;CURB;FENCE;TRAFFIC SIGNAL SUPPORT;Vehicle Airborne;EMBANKMENT EARTH, ANGLE, CLEAR, DAYLIGHT",
20210043746,2021-01-23,10:32:00,vehicle,Yes,Interstate,,,MM 57 8 I 24,-86.68024,36.06033,1,No,33,,,,"DITCH;Ran Off Road-Right;EMBANKMENT ROCK/STONE/CONCRETE, CLEAR, DARK - NOT LIGHTED",
20210038861,2021-01-21,02:09:00,pedestrian; vehicle,No,Interstate,,,MM 56 8 I 24,-86.69138,36.07216,1,No,28,,,,"PEDESTRIAN, CLOUDY, DARK - LIGHTED",
20210028090,2021-01-15,16:37:00,vehicle,Yes,Local,,,LONE OAK RD & SHACKLEFORD RD,-86.80892,36.10215,1,No,25,,,,"UTILITY POLE;CULVERT;CURB;TREE;TRAFFIC SIGNAL SUPPORT, CLEAR, DAYLIGHT",
20210024742,2021-01-14,03:56:00,pedestrian; vehicle,No,Local,,,N GRAYCROFT AV & NESBITT LN,-86.72977,36.27298,1,No,3,,,,"PEDESTRIAN, CLEAR, DARK - LIGHTED",
20210023511,2021-01-13,16:38:00,vehicle,No,State Route,,,2900 DICKERSON PKE,-86.76123,36.2229,1,No,5,,,,"MOTOR VEHICLE IN TRANSPORT;PARKED MOTOR VEHICLE, Front to Rear, CLEAR, DAYLIGHT",
20210020192,2021-01-12,00:41:00,pedestrian; vehicle,No,State Route,,,LORDS CHAPEL DR & NOLENSVILLE PKE,-86.71285,36.0268,1,No,31,,,,"PEDESTRIAN, SNOW, DARK - NOT LIGHTED",
20210019324,2021-01-11,15:25:00,vehicle,Yes,Local,,,OLD SPRINGFIELD PKE & BAKER RD,-86.73228,36.35522,1,No,10,,,,"UTILITY POLE;DITCH;FIRE HYDRANT;Ran Off Road-Right, CLEAR, DAYLIGHT",
20210011017,2021-01-07,04:30:00,pedestrian; vehicle,No,Interstate,,,MM 217 3 I 40,-86.6483,36.14406,1,No,13,,,,"PEDESTRIAN, CLEAR, DARK - NOT LIGHTED",
20210007812,2021-01-05,19:29:00,vehicle,No,State Route,,,VAUGHNS GAP RD & HARDING PKE,-86.88542,36.09258,2,No,23,,,,"MOTOR VEHICLE IN TRANSPORT, ANGLE, CLEAR, DAYLIGHT",
20210005450,2021-01-04,15:39:00,vehicle,Yes,State Route,,,4400 OLD HICKORY BLVD,-86.62275,36.21267,1,No,11,,,,"LUMINAIRE/LIGHT SUPPORT;TREE;Ran Off Road-Right, CLEAR, DAYLIGHT",
20210004459,2021-01-04,01:34:00,pedestrian; vehicle,No,State Route,,,WEST END AV & ORLEANS DR,-86.81935,36.13911,1,No,18,,,,"PEDESTRIAN, CLEAR, DARK - LIGHTED",
20200789024,2020-12-27,06:24:00,vehicle,Yes,State Route,,,SPRINGFIELD HWY & HAPPY VALLEY RD,-86.75212,36.38016,1,No,10,,,,"FENCE, CLEAR, DARK - NOT LIGHTED",
20200786408,2020-12-24,06:00:00,pedestrian,No,State Route,,,GALLATIN PKEN & EDGEMEADE BLVD,-86.70719,36.2829,1,Yes,9,,,,"PEDESTRIAN, CLEAR, DARK - LIGHTED",
20200785597,2020-12-24,06:00:00,vehicle,Yes,Interstate,,,5 I65 N ENT RAMP,-86.77243,36.11808,1,No,26,,,,"Ran Off Road-Left;EMBANKMENT EARTH, CLEAR, DARK - NOT LIGHTED",
20200785056,2020-12-24,03:58:00,vehicle,Yes,State Route,,,OLD HICKORY BLVD & ANTHONY ST,-86.63217,36.24044,1,No,11,,,,"UTILITY POLE, CLEAR, DARK - LIGHTED",
20200783269,2020-12-23,05:21:00,vehicle,No,State Route,,,BELL RD & HICKORY HIGHLANDS DR,-86.63865,36.06161,1,No,32,,,,"MOTOR VEHICLE IN TRANSPORT, HEAD-ON, CLOUDY, DARK - LIGHTED",
20200777350,2020-12-19,23:53:00,vehicle,No,State Route,,,DICKERSON PKE & OLD HICKORY BLVDW,-86.75574,36.26926,1,No,3,,,,"MOTOR VEHICLE IN TRANSPORT, SIDESWIPE - SAME DIRECTION, RAIN, DARK - LIGHTED",
20200762336,2020-12-12,03:17:00,pedestrian; vehicle,No,State Route,,,NOLENSVILLE PKE & WELSHWOOD DR,-86.72725,36.08261,1,No,30,,,,"PEDESTRIAN, CLEAR, DARK - LIGHTED",
20200760172,2020-12-11,01:54:00,vehicle,Yes,Local,,,OLD HICKORY BLVD & INDUSTRIAL DR,-86.65807,36.26812,1,No,11,,,,"Ran Off Road-Right;EMBANKMENT EARTH, CLEAR, DARK - NOT LIGHTED",
20200755163,2020-12-08,22:04:00,vehicle,Yes,State Route,,,RIVER ROAD PKE & OLD RIVER RD,-86.96677,36.19568,1,No,35,,,,"TREE;Ran Off Road-Right;Vehicle Airborne, CLEAR, DUSK",
20200745635,2020-12-04,01:24:00,pedestrian; vehicle,No,Interstate,,,MM 219 6 I 40,-86.62003,36.16161,1,No,14,,,,"PEDESTRIAN, RAIN, DARK - LIGHTED",
20200738911,2020-12-01,03:30:00,pedestrian; vehicle,No,Local,,,CENTRAL PKE & CENTRAL PKE ENT RAMP,-86.60552,36.17406,1,Yes,14,,,,"PEDESTRIAN;UNKNOWN MOST HARMFUL EVENT, CLEAR, DARK - NOT LIGHTED",
20200721102,2020-11-21,01:46:00,vehicle,No,Interstate,,,MM 54 5 I 24,-86.71206,36.10082,2,No,16,,,,"MOTOR VEHICLE IN TRANSPORT;WALL, SIDESWIPE - SAME DIRECTION, CLEAR, DARK - LIGHTED",
20200718750,2020-11-19,21:43:00,pedestrian,No,State Route,,,LEBANON PKE & OMOHUNDRO DR,-86.70985,36.15665,1,No,15,,,,"PARKED MOTOR VEHICLE;PEDESTRIAN, CLEAR, DAYLIGHT",
20200711654,2020-11-16,12:43:00,vehicle,No,State Route,,,MURFREESBORO PKE & HAMILTON CHURCH RD,-86.62133,36.05816,1,No,32,,,,"MOTOR VEHICLE IN TRANSPORT, ANGLE, CLEAR, DAYLIGHT",
20200706443,2020-11-13,07:53:00,vehicle,Yes,Local,,,BELL RD & COUCHVILLE PKE,-86.6299,36.11084,1,No,13,,,,"TREE;Ran Off Road-Right;EMBANKMENT ROCK/STONE/CONCRETE, CLEAR, DARK - NOT LIGHTED",
20200703908,2020-11-11,23:59:00,pedestrian; vehicle,No,Local,,,OLD HICKORY BLVD & HERMITAGE MARKETPLACE,-86.61887,36.19498,1,No,14,,,,"PEDESTRIAN, CLEAR, DARK - NOT LIGHTED",
20200683134,2020-11-01,01:35:00,vehicle,Yes,Local,,,200 FRANKLIN LIMESTONE RD,-86.65828,36.09346,2,No,28,,,,"SHRUBBERY;TREE, CLEAR, DARK - NOT LIGHTED",
20200681695,2020-10-31,03:21:00,pedestrian; vehicle,No,Local,,,2610 CLARKSVILLE PIKE,-86.81965,36.18685,1,Yes,21,,,,"PEDESTRIAN, CLEAR, DARK - LIGHTED",
20200671724,2020-10-26,10:46:00,pedestrian; vehicle,No,Local,,,400 CHURCH ST,-86.77898,36.16368,1,Yes,19,,,,"PEDESTRIAN, RAIN, DARK - LIGHTED",
20200670974,2020-10-25,23:54:00,vehicle,No,Interstate,,,MM 89 3 I 65,-86.76684,36.23405,1,No,2,,,,"MOTOR VEHICLE IN TRANSPORT, Front to Rear, CLEAR, DARK - LIGHTED",
20200666584,2020-10-23,12:05:00,vehicle,Yes,State Route,,,600 HARDING PL,-86.7435,36.07805,1,No,26,,,,"UTILITY POLE;MAIL BOX;Ran Off Road-Right, CLEAR, DAYLIGHT",
20200665467,2020-10-22,21:04:00,vehicle,Yes,Local,,,MCGAVOCK PIKE & JOYA DR,-86.67397,36.19109,1,No,15,,,,"DITCH;TREE;EMBANKMENT EARTH, CLEAR, DAYLIGHT",
20200661344,2020-10-20,19:06:00,vehicle,Yes,Interstate,,,I40 E EXT RAMP & I 40,-86.79104,36.15776,1,No,19,,,,"WALL, CLEAR, DAYLIGHT",
20200658307,2020-10-19,10:44:00,pedestrian; vehicle,No,State Route,,,STATE HWY 254 & CEDAR POINTE PKWY,-86.66734,36.04491,1,No,33,,,,"PEDESTRIAN, CLEAR, DARK - LIGHTED",
20200656022,2020-10-18,00:39:00,pedestrian; vehicle,No,Local,,,LONG BLVD & AVOCA ST,-86.81753,36.14621,1,No,21,,,,"PEDESTRIAN, CLEAR, DARK - LIGHTED",
20200651691,2020-10-15,17:17:00,vehicle,No,Local,,,4400 GALLATIN PKE,-86.72535,36.22708,1,No,7,,,,"MOTOR VEHICLE IN TRANSPORT, ANGLE, CLEAR, DAYLIGHT",
20200643021,2020-10-11,00:12:00,pedestrian; vehicle,No,Local,,,LUNA DR & ANTIOCH PKE,-86.682,36.07695,1,No,28,,,,"PEDESTRIAN, RAIN, DARK - LIGHTED",
20200642657,2020-10-10,18:53:00,vehicle,No,State Route,,,OLD HICKORY BLVD & LOGISTICS WAY,-86.61584,36.02541,1,No,32,,,,"MOTOR VEHICLE IN TRANSPORT;Cross Center Line, ANGLE, RAIN, DAYLIGHT",
20200631601,2020-10-05,02:54:00,vehicle,No,State Route,,,BELL RD & RICE RD,-86.63766,36.06275,1,No,32,,,,"MOTOR VEHICLE IN TRANSPORT, HEAD-ON, CLEAR, DARK - LIGHTED",
20200630285,2020-10-04,05:42:00,vehicle,Yes,Interstate,,,MM 94 2 I 65,-86.72237,36.29041,1,No,10,,,,"OVERHEAD SIGN SUPPORT, CLEAR, DARK - LIGHTED",
20200630252,2020-10-04,05:23:00,vehicle,Yes,Local,,,EAST THOMPSON LN & OLD GLENROSE AV,-86.71899,36.11766,1,No,16,,,,"WALL;Ran Off Road-Left, CLEAR, DARK - NOT LIGHTED",
20200630212,2020-10-04,04:56:00,vehicle,No,Interstate,,,MM 210 0 I 40,-86.77651,36.14845,1,No,17,,,,"MOTOR VEHICLE IN TRANSPORT;GUARDRAIL FACE, Front to Rear, CLEAR, DARK - LIGHTED",
20200620745,2020-09-29,11:05:00,pedestrian; vehicle,No,State Route,,,BRILEY PKWYN & EAST THOMPSON LN,-86.72805,36.10945,1,Yes,16,,,,"PEDESTRIAN, CLEAR, DAWN",
20200620576,2020-09-29,08:38:00,pedestrian; vehicle,No,State Route,,,DICKERSON PKE & CLEVELAND ST,-86.77339,36.18721,1,Yes,5,,,,"PEDESTRIAN, CLEAR, DARK - LIGHTED",
20200619128,2020-09-28,17:15:00,vehicle,No,State Route,,,GALLATIN PKES & BERKLEY DR,-86.72137,36.24634,1,No,7,,,,"MOTOR VEHICLE IN TRANSPORT, ANGLE, UNKNOWN, DAYLIGHT",
20200615921,2020-09-26,19:38:00,pedestrian; vehicle,No,State Route,,,DICKERSON PKE & LORRAINE AV,-86.76305,36.21787,1,No,2,,,,"Ran Off Road-Right;PEDESTRIAN, CLEAR, DAYLIGHT",
20200600914,2020-09-19,03:44:00,vehicle,Yes,Local,,,BELL RD & COUCHVILLE PKE,-86.62988,36.11058,1,No,13,,,,"GUARDRAIL FACE, CLEAR, DARK - NOT LIGHTED",
20200597772,2020-09-17,18:46:00,vehicle,Yes,Interstate,,,I65 S ENT RAMP & I 65,-86.77684,36.20342,1,No,2,,,,"WALL, CLEAR, DAYLIGHT",
20200591775,2020-09-15,02:11:00,pedestrian; vehicle,No,State Route,,,CHARLOTTE PKE & LELLYETT ST,-86.86629,36.14855,1,Yes,20,,,,"PEDESTRIAN, CLEAR, DARK - LIGHTED",
20200587910,2020-09-13,02:05:00,pedestrian; vehicle,No,State Route,,,2800 DICKERSON PKE,-86.76188,36.22112,1,No,5,,,,"PEDESTRIAN, CLEAR, DARK - LIGHTED",
20200587104,2020-09-12,16:20:00,vehicle,No,Local,,,ELM HILL PKE & MASSMAN DR,-86.71104,36.14485,1,No,15,,,,"MOTOR VEHICLE IN TRANSPORT, ANGLE, CLEAR, DAYLIGHT",
20200586478,2020-09-12,06:42:00,pedestrian; vehicle,No,Local,,,2400 BRICK CHURCH PKE,-86.77822,36.21001,1,No,2,,,,"PEDESTRIAN, CLEAR, DARK - LIGHTED",
20200570647,2020-09-05,02:39:00,pedestrian; vehicle,No,Local,,,MYATT DR & ANDERSON LN,-86.68972,36.27078,1,No,9,,,,"PEDESTRIAN, CLEAR, DARK - NOT LIGHTED",
20200561790,2020-09-01,06:36:00,pedestrian; vehicle,No,State Route,,,DICKERSON PKE & KINGSTON ST,-86.76675,36.20906,1,No,5,,,,"PEDESTRIAN, CLOUDY, DARK - LIGHTED",
20200560715,2020-08-31,20:42:00,vehicle,Yes,Local,,,WESTCHESTER DR & OXBOW DR,-86.7614,36.26367,1,Yes,3,,,,"DITCH;TREE;Ran Off Road-Left;Cross Center Line, RAIN, DAYLIGHT",
20200551970,2020-08-27,17:13:00,vehicle,Yes,Interstate,,,MM 87 2 I 65,-86.77669,36.20465,1,No,2,,,,"GUARDRAIL FACE;Ran Off Road-Right, CLEAR, DAYLIGHT",
20200550021,2020-08-26,20:28:00,vehicle,No,State Route,,,BEAR HOLLOW RD & BERNARD RD,-86.88818,36.29692,1,No,1,,,,"MOTOR VEHICLE IN TRANSPORT;EMBANKMENT EARTH, ANGLE, CLEAR, DAYLIGHT",
20200537644,2020-08-21,01:15:00,vehicle,No,State Route,,,W TRINITY LN & BRICK CHURCH PKE,-86.7779,36.20662,1,No,2,,,,"MOTOR VEHICLE IN TRANSPORT, ANGLE, CLEAR, DARK - LIGHTED",
20200537141,2020-08-20,20:42:00,vehicle,Yes,Interstate,,,I40 W EXT RAMP & I 40,-86.71944,36.14099,1,No,15,,,,"IMPACT ATTENUATOR, CLEAR, DAYLIGHT",
20200533664,2020-08-19,04:32:00,vehicle,No,State Route,,,OLD HICKORY BLVD & WEST MINISTER DR,-86.89159,36.05206,1,No,34,,,,"MOTOR VEHICLE IN TRANSPORT;WALL;Ran Off Road-Right;Cross Center Line, HEAD-ON, CLEAR, DARK - NOT LIGHTED",
20200527315,2020-08-16,05:43:00,vehicle,No,State Route,,,BELL RD & BROOK VIEW ESTATES DR,-86.6941,36.04439,2,No,31,,,,"MOTOR VEHICLE IN TRANSPORT, HEAD-ON, CLEAR, DARK - NOT LIGHTED",
20200525418,2020-08-15,05:33:00,pedestrian; vehicle,No,State Route,,,GALLATIN PKES & E PALESTINE AV,-86.7189,36.25013,1,No,7,,,,"PEDESTRIAN, CLEAR, DARK - LIGHTED",
20200516551,2020-08-11,09:27:00,pedestrian,No,Interstate,,,MM 55 1 I 24,-86.70618,36.0939,1,No,28,,,,"MOTOR VEHICLE IN TRANSPORT;PEDESTRIAN, ANGLE, CLEAR, DARK - LIGHTED",
20200513601,2020-08-10,01:09:00,pedestrian; vehicle,No,Local,,,KIRK AV & BUENA VISTA PKE,-86.82294,36.19863,1,No,2,,,,"PEDESTRIAN, CLEAR, DARK - LIGHTED",
20200512162,2020-08-09,04:12:00,pedestrian; vehicle,No,Local,,,CHURCH ST & POLK AV,-86.78305,36.16194,1,Yes,19,,,,"PEDESTRIAN, CLEAR, DARK - LIGHTED",
20200501730,2020-08-04,04:57:00,vehicle,Yes,Local,,,BUCHANAN ST & 16TH AVN,-86.80915,36.18002,1,Yes,21,,,,"UTILITY POLE;CURB;Ran Off Road-Right, CLEAR, DARK - LIGHTED",
20200501485,2020-08-04,01:19:00,pedestrian; vehicle,No,Local,,,ROSA L PARKS BLVD & MONROE ST,-86.7927,36.17582,1,Yes,19,,,,"PEDESTRIAN, CLEAR, DARK - NOT LIGHTED",
20200496058,2020-08-01,01:17:00,vehicle,No,Interstate,,,I40 E ENT RAMP & I 40,-86.92258,36.1106,1,No,23,,,,"MOTOR VEHICLE IN TRANSPORT, ANGLE, CLEAR, DARK - LIGHTED",
20200486027,2020-07-27,08:06:00,vehicle,No,Interstate,,,I40 W EXT RAMP & I 40,-86.66393,36.14137,1,No,15,,,,"MOTOR VEHICLE IN TRANSPORT;PARKED MOTOR VEHICLE;Ran Off Road-Left, Front to Rear, CLEAR, DARK - LIGHTED",
20200480529,2020-07-24,05:21:00,vehicle,No,State Route,,,STATE RT 45 & MYATT DR,-86.69029,36.26407,1,No,9,,,,"MOTOR VEHICLE IN TRANSPORT, ANGLE, CLEAR, DARK - LIGHTED",
20200465371,2020-07-16,06:22:00,pedestrian; vehicle,No,State Route,,,HARDING PL & METROPLEX DR,-86.69481,36.08676,1,No,28,,,,"PEDESTRIAN, CLEAR, DARK - LIGHTED",
20200461437,2020-07-14,08:41:00,vehicle,Yes,Interstate,,,MM 91 4 I 65,-86.73941,36.25319,1,No,3,,,,"GUARDRAIL END;OTHER POST, POLE, SUPP.;WALL;Ran Off Road-Right;Vehicle Airborne, CLEAR, DARK - LIGHTED",
20200456281,2020-07-13,09:53:00,vehicle,Yes,Local,,,EDMONDSON PKE & BRENTWOOD SQ,-86.74406,36.04261,2,No,4,,,,"GUARDRAIL END;CURB;WALL;Ran Off Road-Right, CLEAR, DARK - LIGHTED",
20200455645,2020-07-11,00:58:00,vehicle,No,State Route,,,BRILEY PKWYW & I24 W ENT RAMP,-86.78346,36.23825,1,No,3,,,,"MOTOR VEHICLE IN TRANSPORT, Front to Rear, CLEAR, DARK - LIGHTED",
20200443336,2020-07-04,11:25:00,pedestrian; vehicle,No,State Route,,,SPRINGFIELD HWY & GAYLEMORE DR,-86.7339,36.36547,1,No,10,,,,"PEDESTRIAN, CLEAR, DAYLIGHT",
20200429372,2020-06-27,04:30:00,vehicle,No,Interstate,,,MM 49 2 I 24,-86.7617,36.16322,1,No,6,,,,"MOTOR VEHICLE IN TRANSPORT;Equip Failure, Front to Rear, CLEAR, DARK - LIGHTED",
20200416482,2020-06-20,04:15:00,pedestrian; vehicle,No,State Route,,,LAFAYETTE ST & FAIRFIELD AV,-86.75818,36.14739,1,Yes,17,,,,"PEDESTRIAN, CLEAR, DARK - LIGHTED",
20200414725,2020-06-19,05:11:00,vehicle,No,State Route,,,HIGHWAY 100 & TEMPLE RD,-86.95056,36.04547,1,No,35,,,,"MOTOR VEHICLE IN TRANSPORT;GUARDRAIL FACE;CURB;DITCH, ANGLE, CLEAR, DARK - NOT LIGHTED",
20200409714,2020-06-16,17:10:00,pedestrian; vehicle,No,State Route,,,3100 WEST END AV,-86.8155,36.14259,1,No,18,,,,"PEDESTRIAN, CLEAR, DAYLIGHT",
20200405733,2020-06-14,08:20:00,vehicle,No,Local,,,DEMONBREUN ST & US HWY 31,-86.78116,36.15674,1,No,19,,,,"MOTOR VEHICLE IN TRANSPORT, Front to Rear, CLEAR, DARK - LIGHTED",
20200405405,2020-06-14,02:57:00,pedestrian; vehicle,No,Local,,,BUENA VISTA PIKE & CLIFF DR,-86.82824,36.19693,1,No,2,,,,"PEDESTRIAN, CLEAR, DARK - LIGHTED",
20200404646,2020-06-13,15:03:00,vehicle,Yes,Local,,,2345 ATRIUM WAY,-86.691,36.15554,1,No,15,,,,"SHRUBBERY, CLEAR, DAYLIGHT",
20200402245,2020-06-12,03:08:00,vehicle,No,Interstate,,,MM 211 1 I 40,-86.75742,36.15364,2,No,17,,,,"MOTOR VEHICLE IN TRANSPORT-OTHER ROADWAY;Ran Off Road-Left, HEAD-ON, CLEAR, DARK - LIGHTED",
20200400882,2020-06-11,10:20:00,vehicle,Yes,State Route,,,WHITES CREEK PKE & KNIGHT DR,-86.81206,36.22947,1,No,2,,,,"EMBANKMENT EARTH, CLEAR, DAYLIGHT",
20200389825,2020-06-05,00:32:00,vehicle,Yes,Interstate,,,I40 E ENT RAMP & I 40,-86.7249,36.13963,1,No,13,,,,"WALL;Ran Off Road-Left, CLOUDY, DARK - LIGHTED",
20200387532,2020-06-03,17:45:00,vehicle,Yes,Local,,,COWAN ST & I24 E ENT RAMP,-86.77942,36.18811,1,No,19,,,,"UTILITY POLE, RAIN, DAYLIGHT",
20200385671,2020-06-02,20:17:00,pedestrian,No,Local,,,TENNESSEE AV & 51ST AVN,-86.84819,36.16099,1,Yes,20,,,,"MOTOR VEHICLE IN TRANSPORT;PARKED MOTOR VEHICLE;Set In Motion By Motor Vehicle;Motor Vehicle-In-Motion Outside Trafficw;PEDESTRIAN, OTHER, CLEAR, DAYLIGHT",
20200380284,2020-05-31,02:20:00,vehicle,No,Local,,,ELM HILL PKE & MASSMAN DR,-86.71104,36.14485,1,No,15,,,,"MOTOR VEHICLE IN TRANSPORT;OTHER POST, POLE, SUPP., Front to Rear, CLEAR, DARK - LIGHTED",
20200371453,2020-05-27,04:50:00,vehicle,No,Local,,,MM 86 5 I 65,-86.77614,36.19564,1,No,2,,,,"MOTOR VEHICLE IN TRANSPORT;GUARDRAIL FACE;WALL;Ran Off Road-Left, SIDESWIPE - SAME DIRECTION, CLEAR, DARK - LIGHTED",
20200362141,2020-05-23,01:28:00,vehicle,Yes,Interstate,,,MM 52 4 I 24,-86.72666,36.13846,1,No,13,,,,"UTILITY POLE;Ran Off Road-Right, RAIN, DARK - LIGHTED",
20200354748,2020-05-20,03:00:00,vehicle,Yes,Local,,,HOLT RD & HOLT HILLS RD,-86.73013,36.01489,1,No,4,,,,"UTILITY POLE;OTHER POST, POLE, SUPP.;DITCH;Ran Off Road-Right;Vehicle Airborne;EMBANKMENT ROCK/STONE/CONCRETE, CLOUDY, DARK - NOT LIGHTED",
20200321427,2020-05-06,16:35:00,vehicle,Yes,Local,,,2500 COUCHVILLE PKE,-86.64406,36.11333,2,No,13,,,,"UTILITY POLE;CULVERT;TREE;Ran Off Road-Right;Ran Off Road-Left, CLOUDY, DAYLIGHT",
20200314651,2020-05-04,02:32:00,pedestrian; vehicle,No,State Route,,,2300 DICKERSON PKE,-86.76779,36.20766,1,Yes,5,,,,"PEDESTRIAN, CLEAR, DARK - LIGHTED",
20200287212,2020-04-23,02:08:00,pedestrian; vehicle,No,State Route,,,DICKERSON PKE & BARNETT DR,-86.7577,36.25339,1,Yes,5,,,,"PEDESTRIAN, RAIN, DARK - LIGHTED",
20200274762,2020-04-18,05:30:00,vehicle,No,Interstate,,,MM 38 7 I 24,-86.81234,36.30118,1,Yes,1,,,,"MOTOR VEHICLE IN TRANSPORT, Front to Rear, RAIN, DARK - NOT LIGHTED",
20200242367,2020-04-06,00:21:00,vehicle,Yes,State Route,,,MM 209 3 I 40,-86.7881,36.15382,1,No,19,,,,"DITCH;WALL;Ran Off Road-Right;Ran Off Road-Left, CLEAR, DARK - LIGHTED",
20200228243,2020-03-31,13:53:00,vehicle,Yes,Interstate,,,I40 E ENT RAMP & I 40,-86.72566,36.13916,1,No,13,,,,"Ran Off Road-Left;EMBANKMENT ROCK/STONE/CONCRETE, RAIN, DAYLIGHT",
20200222744,2020-03-29,05:22:00,vehicle,Yes,State Route,,,NOLENSVILLE PKE & BASS AV,-86.72312,36.07093,1,No,26,,,,"UTILITY POLE;CURB;WALL, RAIN, DARK - LIGHTED",
20200205899,2020-03-23,03:01:00,pedestrian; vehicle,No,State Route,,,OLD HICKORY BLVD & DODSON CHAPEL RD,-86.6101,36.18317,1,Yes,14,,,,"PEDESTRIAN, RAIN, DARK - LIGHTED",
20200201240,2020-03-21,05:05:00,vehicle,No,Local,,,HAYWOOD LN & LOCUSTWOOD DR,-86.70457,36.06822,1,No,27,,,,"MOTOR VEHICLE IN TRANSPORT, HEAD-ON, CLOUDY, DARK - LIGHTED",
20200167407,2020-03-08,09:31:00,pedestrian; vehicle,No,Interstate,,,MM 63 0 I 24,-86.61468,36.00933,1,No,33,,,,"PEDESTRIAN, CLEAR, DARK - NOT LIGHTED",
20200156761,2020-03-05,03:45:00,vehicle,No,State Route,,,MURFREESBORO PKE & OLD HICKORY BLVD,-86.60046,36.03718,1,No,32,,,,"MOTOR VEHICLE IN TRANSPORT;TREE;Ran Off Road-Right, ANGLE, CLEAR, DARK - LIGHTED",
20200142688,2020-02-28,16:21:00,vehicle,No,Interstate,,,I65 S EXT RAMP & I 65,-86.79549,36.18709,1,No,19,,,,"MOTOR VEHICLE IN TRANSPORT;OTHER POST, POLE, SUPP.;EMBANKMENT ROCK/STONE/CONCRETE, SIDESWIPE - SAME DIRECTION, CLEAR, DAYLIGHT",
20200129300,2020-02-23,06:57:00,pedestrian,No,Interstate,,,MM 49 3 I 24,-86.76108,36.16257,1,No,6,,,,"GUARDRAIL FACE;CONCRETE TRAFFIC BARRIER;PEDESTRIAN, CLEAR, DARK - LIGHTED",
20200120569,2020-02-19,20:29:00,vehicle,No,State Route,,,BLUE HOLE RD & BELL RD,-86.67435,36.04574,1,No,33,,,,"MOTOR VEHICLE IN TRANSPORT, HEAD-ON, CLEAR, DAYLIGHT",
20200088573,2020-02-06,06:00:00,pedestrian; vehicle,No,Interstate,,,MM 211 0 I 40,-86.75952,36.15467,1,Yes,19,,,,"PEDESTRIAN, UNKNOWN, UNKNOWN",
20200086496,2020-02-05,17:13:00,vehicle,No,Local,,,BRICK CHURCH PKE & BELLSHIRE DR,-86.77591,36.26262,1,No,3,,,,"MOTOR VEHICLE IN TRANSPORT, ANGLE, RAIN, DAYLIGHT",
20200083607,2020-02-04,15:08:00,vehicle,No,State Route,,,2800 OLD HICKORY BLVD,-86.76529,36.27545,1,No,3,,,,"MOTOR VEHICLE IN TRANSPORT;Ran Off Road-Right, HEAD-ON, RAIN, DAYLIGHT",
20200081581,2020-02-03,20:57:00,vehicle,No,Local,,,BUCHANAN ST & 16TH AVN,-86.80951,36.18002,1,No,21,,,,"MOTOR VEHICLE IN TRANSPORT, ANGLE, CLEAR, DAYLIGHT",
20200078360,2020-02-02,07:10:00,vehicle,Yes,State Route,,,OLD HICKORY BLVD & HICKORY SPRINGS RD,-86.82243,36.04134,1,No,34,,,,"GUARDRAIL FACE;DITCH, CLEAR, DARK - NOT LIGHTED",
20200071100,2020-01-30,13:18:00,pedestrian; vehicle,No,Local,,,HAMILTON CHURCH RD & MURFREESBORO PKE,-86.62736,36.0651,1,No,8,,,,"FIRE HYDRANT;Ran Off Road-Right;PEDESTRIAN, CLOUDY, DAYLIGHT",
20200066409,2020-01-28,20:00:00,pedestrian; vehicle,No,State Route,,,ROSA L PARKS BLVD & TAYLOR ST,-86.79332,36.17607,1,No,19,,,,"PEDESTRIAN, CLEAR, DAYLIGHT",
20200054752,2020-01-23,22:35:00,vehicle,No,Interstate,,,I65 S EXT RAMP & I 65,-86.77616,36.20928,1,No,2,,,,"MOTOR VEHICLE IN TRANSPORT, Front to Rear, RAIN, DUSK",
20200054731,2020-01-23,22:27:00,pedestrian; vehicle,No,State Route,,,WATTS LN & CHARLOTTE PKE,-86.8731,36.1441,1,No,20,,,,"PEDESTRIAN, RAIN, DUSK",
20200035282,2020-01-16,06:19:00,pedestrian,No,Interstate,,,MM 48 8 I 24,-86.76619,36.16859,1,Yes,19,,,,"PEDESTRIAN, CLEAR, DARK - LIGHTED",
20200032727,2020-01-15,08:16:00,vehicle,No,Interstate,,,MM 53 2 I 24,-86.72484,36.11559,1,Yes,16,,,,"OTHER OBJECT (NOT FIXED);GUARDRAIL FACE;WALL;Ran Off Road-Right;Ran Off Road-Left, RAIN, DARK - NOT LIGHTED",
20200010637,2020-01-06,13:50:00,vehicle,Yes,Local,,,233 JACKSONIAN DR,-86.62922,36.19727,1,No,14,,,,"CULVERT;TREE, CLEAR, DAYLIGHT",
20200006271,2020-01-04,01:56:00,pedestrian,No,Local,,,GALLATIN PKE & ARDEE AV,-86.72748,36.21953,1,Yes,7,,,,"PEDESTRIAN, RAIN, DARK - LIGHTED",
20190927368,2019-12-29,16:03:00,vehicle,No,State Route,,,LAFAYETTE ST & 4TH AVS,-86.77125,36.1518,1,No,19,,,,"MOTOR VEHICLE IN TRANSPORT, ANGLE, RAIN, DAYLIGHT",
20190925330,2019-12-28,14:11:00,vehicle,Yes,Interstate,,,MM 51 5 I 24,-86.72781,36.13991,1,No,15,,,,"GUARDRAIL FACE;Ran Off Road-Right;EMBANKMENT ROCK/STONE/CONCRETE, SMOG, SMOKE, DAYLIGHT",
20190924192,2019-12-27,23:10:00,vehicle,No,State Route,,,DICKERSON PKE & HANCOCK ST,-86.77368,36.18489,1,Yes,5,,,,"MOTOR VEHICLE IN TRANSPORT;UTILITY POLE, SIDESWIPE - SAME DIRECTION, CLEAR, DUSK",
20190921880,2019-12-26,21:27:00,pedestrian; vehicle,No,Local,,,W TRINITY LN & YOUNGS LN,-86.81841,36.20406,1,No,2,,,,"PEDESTRIAN, CLOUDY, DAYLIGHT",
20190912388,2019-12-21,19:24:00,pedestrian; vehicle,No,State Route,,,BELL RD & HICKORY HOLLOW MALL PVTDR PL,-86.65255,36.04904,1,No,32,,,,"PEDESTRIAN, CLOUDY, DAYLIGHT",
20190882767,2019-12-09,11:20:00,pedestrian; vehicle,No,Local,,,4500 APACHE TRL,-86.68851,36.06702,1,Yes,30,,,,"PEDESTRIAN, CLEAR, DARK - LIGHTED",
20190865703,2019-12-02,04:42:00,vehicle,Yes,State Route,,,HARDING PKE & KENNER AV,-86.84706,36.1254,1,No,24,,,,"CURB;SHRUBBERY;TREE, CLOUDY, DARK - LIGHTED",
20190859997,2019-11-29,01:37:00,vehicle,No,State Route,,,4040 NOLENSVILLE PKE,-86.72695,36.08158,2,Yes,26,,,,"MOTOR VEHICLE IN TRANSPORT;UTILITY POLE;FENCE;TREE, ANGLE, CLOUDY, DARK - LIGHTED",
20190856503,2019-11-27,09:07:00,vehicle,Yes,Interstate,,,MM 211 0 I 40,-86.76028,36.15475,1,No,19,,,,"LUMINAIRE/LIGHT SUPPORT, CLEAR, DARK - LIGHTED",
20190845177,2019-11-22,09:50:00,vehicle,Yes,Interstate,,,MM 54 7 I 24,-86.71004,36.09832,1,No,16,,,,"OVERHEAD SIGN SUPPORT, RAIN, DARK - LIGHTED",
20190831876,2019-11-17,00:05:00,vehicle,Yes,Local,,,1301 ARBOR LAKE BLVD,-86.59822,36.16312,1,No,12,,,,"BUILDING, CLEAR, DARK - LIGHTED",
20190817725,2019-11-11,03:00:00,pedestrian; vehicle,No,State Route,,,MURFREESBORO PKE & FOREST VIEW DR,-86.6331,36.06909,1,No,32,,,,"PEDESTRIAN, CLEAR, DARK - NOT LIGHTED",
20190814903,2019-11-10,17:30:00,pedestrian; vehicle,No,Interstate,,,MM 208 7 I 40,-86.79321,36.16145,1,No,19,,,,"PEDESTRIAN, CLEAR, DAYLIGHT",
20190803043,2019-11-04,22:30:00,vehicle,No,State Route,,,ATHENS WAY & ROSA L PARKS BLVD,-86.80183,36.19297,1,No,2,,,,"MOTOR VEHICLE IN TRANSPORT, ANGLE, CLEAR, DAYLIGHT",
20190801745,2019-11-04,11:34:00,vehicle,Yes,Local,,,1204 KERMIT DR,-86.70376,36.12435,1,No,13,,,,"TREE;Ran Off Road-Right, CLEAR, DARK - LIGHTED",
20190794226,2019-10-31,21:39:00,vehicle,No,State Route,,,4500 CLARKSVILLE PKE,-86.83188,36.23376,1,No,1,,,,"MOTOR VEHICLE IN TRANSPORT, HEAD-ON, CLOUDY, DAYLIGHT",
20190788301,2019-10-29,14:31:00,vehicle,No,Local,,,GALLATIN PKE & FAIRWIN AV,-86.74153,36.19801,1,No,6,,,,"MOTOR VEHICLE IN TRANSPORT;UTILITY POLE, ANGLE, CLEAR, DAYLIGHT",
20190787968,2019-10-29,11:32:00,vehicle,No,Interstate,,,MM 55 0 I 24,-86.70633,36.09408,1,No,30,,,,"MOTOR VEHICLE IN TRANSPORT, Front to Rear, CLOUDY, DAWN",
20190787964,2019-10-29,11:29:00,vehicle,No,State Route,,,HOBSON PKE & LONDONVIEW PL,-86.56703,36.08208,2,No,12,,,,"MOTOR VEHICLE IN TRANSPORT;Cross Center Line, HEAD-ON, CLEAR, DARK - NOT LIGHTED",Nashville.gov: https://www.nashville.gov/departments/police/news/two-drivers-killed-mornings-head-collision-hobson-pike-bridge
20190778553,2019-10-25,02:05:00,pedestrian; vehicle,No,State Route,,,NOLENSVILLE PKE & MORTON AV,-86.74322,36.107,1,Yes,16,,,,"PEDESTRIAN, CLOUDY, DARK - LIGHTED",
20190778433,2019-10-25,01:07:00,vehicle,No,State Route,,,BRILEY PKWYE & BRILEY PKWYW,-86.84626,36.22803,1,No,1,,,,"MOTOR VEHICLE IN TRANSPORT;PARKED MOTOR VEHICLE;Ran Off Road-Right, Front to Rear, CLEAR, DARK - NOT LIGHTED",
20190772839,2019-10-22,19:55:00,vehicle,No,State Route,,,CLARKSVILLE PKE & STEVENS LN,-86.8308,36.23804,1,No,1,,,,"MOTOR VEHICLE IN TRANSPORT;GUARDRAIL FACE;DITCH, ANGLE, CLEAR, DAYLIGHT",
20190744364,2019-10-10,13:29:00,pedestrian; vehicle,No,State Route,,,8TH AVS & GLEAVES ST,-86.77927,36.15208,1,No,19,,,,"PEDESTRIAN, CLEAR, DAYLIGHT",
20190733767,2019-10-05,18:57:00,vehicle,No,State Route,,,MURFREESBORO PKE & FOREST VIEW DR,-86.63125,36.06741,1,No,32,,,,"MOTOR VEHICLE IN TRANSPORT, ANGLE, CLEAR, DAYLIGHT",
20190732619,2019-10-05,03:42:00,pedestrian; vehicle,No,State Route,,,LAFAYETTE ST & 5TH AVS,-86.77324,36.15248,1,No,19,,,,"PEDESTRIAN, CLEAR, DARK - LIGHTED",
20190729859,2019-10-04,01:23:00,vehicle,Yes,Interstate,,,MM 41 3 I 24,-86.79188,36.26723,1,Yes,3,,,,", CLEAR, DARK - NOT LIGHTED",
20190727949,2019-10-03,08:46:00,vehicle,No,Interstate,,,MM 56 8 I 24,-86.69172,36.07224,1,No,30,,,,"MOTOR VEHICLE IN TRANSPORT, Front to Rear, CLEAR, DARK - LIGHTED",
20190719719,2019-09-30,00:04:00,pedestrian,No,State Route,,,NOLENSVILLE PKE & OLD HICKORY BLVD,-86.71334,36.04605,1,No,31,,,,"PEDESTRIAN, CLEAR, DARK - LIGHTED",
20190715935,2019-09-28,01:10:00,pedestrian; vehicle,No,Local,,,MAIN ST & N 8TH ST,-86.75911,36.17524,1,Yes,6,,,,"PEDESTRIAN, CLOUDY, DARK - LIGHTED",
20190715134,2019-09-27,19:15:00,vehicle,No,State Route,,,LEBANON PKE & MILL CREEK MEADOW DR,-86.69894,36.16404,1,No,15,,,,"MOTOR VEHICLE IN TRANSPORT;Cross Center Line, HEAD-ON, CLEAR, DAYLIGHT",
20190682579,2019-09-14,02:00:00,vehicle,Yes,State Route,,,MURFREESBORO PKE & HAMILTON CROSSINGS,-86.62689,36.06335,1,No,32,,,,"UTILITY POLE;Ran Off Road-Right, CLEAR, DARK - NOT LIGHTED",
20190669322,2019-09-09,00:50:00,pedestrian; vehicle,No,State Route,,,3909 CLARKSVILLE PKE,-86.83935,36.20931,1,No,1,,,,"PEDESTRIAN, CLEAR, DARK - LIGHTED",
20190651319,2019-09-01,04:20:00,vehicle,Yes,Interstate,,,MM 200 8 I 40,-86.90148,36.12755,1,No,23,,,,"GUARDRAIL FACE;DITCH;EMBANKMENT ROCK/STONE/CONCRETE, CLEAR, DARK - NOT LIGHTED",
20190651210,2019-09-01,03:20:00,vehicle,No,Interstate,,,52 I24E,-86.72713,36.13054,1,No,16,,,,"MOTOR VEHICLE IN TRANSPORT;GUARDRAIL FACE;DITCH, ANGLE, CLEAR, DARK - NOT LIGHTED",
20190638167,2019-08-27,03:46:00,vehicle,Yes,State Route,,,7201 HICKS RD,-86.9265,36.0737,1,No,22,,,,"CURB;TREE, CLEAR, DARK - LIGHTED",
20190635872,2019-08-26,04:09:00,pedestrian; vehicle,No,State Route,,,NOLENSVILLE PKE & ELYSIAN FIELDS CT,-86.73041,36.08706,1,Yes,26,,,,"PEDESTRIAN, RAIN, DARK - LIGHTED",
20190634414,2019-08-25,09:12:00,vehicle,Yes,Interstate,,,MM 52 2 I 24,-86.7271,36.13602,1,No,16,,,,"TREE, CLEAR, DARK - LIGHTED",
20190631375,2019-08-24,01:31:00,vehicle,No,State Route,,,OLD HICKORY BLVD & OLD LEBANON DIRT RD,-86.61535,36.19084,1,No,14,,,,"MOTOR VEHICLE IN TRANSPORT, ANGLE, CLEAR, DARK - NOT LIGHTED",
20190625716,2019-08-22,03:34:00,vehicle,Yes,Local,,,LICKTON PKE & UNION HILL RD,-86.77682,36.3374,1,No,10,,,,"TREE;Ran Off Road-Left, CLEAR, DARK - NOT LIGHTED",
20190615354,2019-08-18,07:23:00,vehicle,Yes,State Route,,,428 DONELSON PKE,-86.66569,36.15345,2,No,15,,,,"CURB;TREE;Ran Off Road-Right, CLEAR, DARK - LIGHTED",
20190609724,2019-08-16,01:36:00,pedestrian; vehicle,No,State Route,,,EDMONDSON PKE & WALLACE RD,-86.72556,36.07709,1,No,30,,,,"PEDESTRIAN, CLEAR, DARK - LIGHTED",
20190591205,2019-08-09,02:20:00,pedestrian; vehicle,No,Local,,,MUSIC VALLEY DR & OPRYLAND DR,-86.6955,36.21851,1,No,15,,,,"PEDESTRIAN, CLEAR, DARK - LIGHTED",
20190585161,2019-08-06,23:45:00,vehicle,No,State Route,,,MURFREESBORO PKE & ARLINGTON AV,-86.73301,36.13905,1,No,16,,,,"MOTOR VEHICLE IN TRANSPORT, Front to Rear, CLOUDY, DAYLIGHT",
20190579954,2019-08-05,01:20:00,vehicle,No,Interstate,,,MM 85 6 I 65,-86.79176,36.18946,1,No,19,,,,"MOTOR VEHICLE IN TRANSPORT, Front to Rear, CLEAR, DARK - LIGHTED",
20190562831,2019-07-29,03:22:00,vehicle,No,Local,,,200 HAYWOOD LN,-86.70288,36.06982,1,No,27,,,,"MOTOR VEHICLE IN TRANSPORT;GUARDRAIL FACE;Ran Off Road-Right, CLEAR, DARK - LIGHTED",
20190553015,2019-07-24,22:50:00,vehicle,No,Interstate,,,OLD HICKORY BLVD & I24 E ENT RAMP,-86.80101,36.27678,1,No,3,,,,"MOTOR VEHICLE IN TRANSPORT, ANGLE, CLEAR, DAYLIGHT",
20190531766,2019-07-16,18:25:00,vehicle,No,State Route,,,DICKERSON PKE & WHITES CREEK PKE,-86.77316,36.18883,1,No,5,,,,"MOTOR VEHICLE IN TRANSPORT, ANGLE, CLEAR, DAYLIGHT",
20190531359,2019-07-16,15:18:00,vehicle,Yes,State Route,,,1300 13TH AVS,-86.78883,36.15597,1,No,19,,,,"OTHER OBJECT (NOT FIXED), CLEAR, DAYLIGHT",
20190525243,2019-07-13,23:36:00,vehicle,Yes,Local,,,4503 CHANDLER RD,-86.59751,36.19626,1,No,12,,,,"TREE, RAIN, DAYLIGHT",
20190520141,2019-07-11,20:28:00,vehicle,Yes,State Route,,,BRILEY PKWYE & BRILEY PKWYW,-86.85673,36.22822,1,No,1,,,,"EMBANKMENT ROCK/STONE/CONCRETE, RAIN, DAYLIGHT",
20190518024,2019-07-11,01:36:00,pedestrian; vehicle,No,Local,,,STRATFORD AV & GALLATIN PKE,-86.73052,36.21449,1,Yes,7,,,,"PEDESTRIAN, CLEAR, DARK - LIGHTED",
20190510039,2019-07-07,05:00:00,vehicle,Yes,Local,,,465 BENITA DR,-86.71523,36.09413,1,No,30,,,,"WALL;TREE, CLEAR, DARK - NOT LIGHTED",
20190503415,2019-07-04,08:05:00,vehicle,No,Local,,,WOODLAND ST & INTERSTATE DR,-86.76845,36.1704,1,No,19,,,,"MOTOR VEHICLE IN TRANSPORT;UTILITY POLE, ANGLE, CLEAR, DARK - LIGHTED",
20190499809,2019-07-03,03:16:00,vehicle,No,Interstate,,,OLD HICKORY BLVD & I24 W ENT RAMP,-86.79841,36.27682,1,No,3,,,,"MOTOR VEHICLE IN TRANSPORT, Front to Rear, CLEAR, DARK - NOT LIGHTED",
20190497075,2019-07-02,05:59:00,pedestrian; vehicle,No,State Route,,,LAFAYETTE ST & CLAIBORNE ST,-86.76119,36.1484,1,Yes,17,,,,"PEDESTRIAN, CLEAR, DARK - NOT LIGHTED",
20190489769,2019-06-29,03:02:00,pedestrian; vehicle,No,State Route,,,15000 OLD HICKORY BLVD,-86.71621,36.0452,1,No,4,,,,"PEDESTRIAN, CLEAR, DARK - NOT LIGHTED",
20190477455,2019-06-24,19:54:00,vehicle,No,State Route,,,CHARLES E DAVIS BLVD & OLD HERMITAGE AV,-86.76175,36.15411,1,No,17,,,,"MOTOR VEHICLE IN TRANSPORT;PARKED MOTOR VEHICLE;CURB;WALL;Ran Off Road-Left, CLEAR, DAYLIGHT",
20190464635,2019-06-19,14:21:00,vehicle,Yes,Local,,,5600 OLD HICKORY BLVD,-86.901,36.24636,1,No,1,,,,"UTILITY POLE;DITCH;FENCE;MAIL BOX, RAIN, DAYLIGHT",
20190461951,2019-06-18,15:38:00,vehicle,Yes,Interstate,,,I40 E EXT RAMP & I 40,-86.63057,36.15417,1,No,13,,,,"SHRUBBERY;TREE, CLEAR, DAYLIGHT",
20190458014,2019-06-17,03:53:00,pedestrian; vehicle,No,State Route,,,MURFREESBORO PKE & WILHAGAN RD,-86.71931,36.13247,1,Yes,16,,,,"PEDESTRIAN, CLOUDY, DARK - LIGHTED",
20190457752,2019-06-17,00:07:00,vehicle,Yes,Local,,,OLD SPRINGFIELD PKE & BAKER RD,-86.73203,36.35491,1,No,10,,,,"Ran Off Road-Left, CLOUDY, DARK - NOT LIGHTED",
20190451321,2019-06-14,05:08:00,vehicle,No,Interstate,,,MM 212 9 I 40,-86.73097,36.14032,1,No,16,,,,"MOTOR VEHICLE IN TRANSPORT, Front to Rear, CLEAR, DARK - LIGHTED",
20190448387,2019-06-13,06:32:00,pedestrian; vehicle,No,Interstate,,,MURFREESBORO PKE EXT RAMP & MURFREESBORO,-86.72541,36.1361,1,Yes,13,,,,"Ran Off Road-Left;PEDESTRIAN, CLEAR, DARK - NOT LIGHTED",
20190447465,2019-06-12,22:32:00,vehicle,No,Local,,,E OLD HICKORY BLVD & 4TH AV,-86.7058,36.26269,1,No,9,,,,"MOTOR VEHICLE IN TRANSPORT, ANGLE, CLEAR, DAYLIGHT",
20190445538,2019-06-12,06:25:00,vehicle,No,Interstate,,,MM 54 6 I 24,-86.711,36.09953,1,No,16,,,,"MOTOR VEHICLE IN TRANSPORT, ANGLE, CLEAR, DARK - LIGHTED",
20190441983,2019-06-11,00:32:00,pedestrian; vehicle,No,Interstate,,,MM 209 3 I 40,-86.788,36.15366,1,No,17,,,,"PEDESTRIAN, CLEAR, DAYLIGHT",
20190411127,2019-05-30,00:53:00,vehicle,Yes,Local,,,LAWNDALE DR & EAST THOMPSON LN,-86.71762,36.12233,1,No,16,,,,"DITCH;Ran Off Road-Left, CLEAR, DARK - LIGHTED",
20190402970,2019-05-27,02:14:00,vehicle,No,State Route,,,MURFREESBORO PKE & HOBSON PKE,-86.60655,36.04285,1,No,8,,,,"MOTOR VEHICLE IN TRANSPORT, ANGLE, CLEAR, DARK - NOT LIGHTED",
20190398388,2019-05-25,00:16:00,vehicle,No,Local,,,CRAIGHEAD ST & SEMINOLE AV,-86.76224,36.12761,1,No,17,,,,"MOTOR VEHICLE IN TRANSPORT, ANGLE, CLEAR, DAYLIGHT",
20190383151,2019-05-19,22:25:00,vehicle,No,Interstate,,,MM 87 6 I 65,-86.77583,36.21029,1,No,2,,,,"MOTOR VEHICLE IN TRANSPORT, ANGLE, CLEAR, DAYLIGHT",
20190378965,2019-05-17,23:47:00,vehicle,No,Local,,,BRICK CHURCH PKE & MOOREWOOD DR,-86.78139,36.23323,1,No,3,,,,"MOTOR VEHICLE IN TRANSPORT, Front to Rear, CLEAR, DUSK",
20190376376,2019-05-17,03:14:00,vehicle,Yes,Local,,,DEMONBREUN ST & 14TH AVS,-86.78835,36.15361,1,No,17,,,,"OTHER TYPE NON-MOTORIST, CLEAR, DARK - LIGHTED",
Unknown,2019-05-16,22:15:00,bicycle,No,Local,Demonbreun St,14th Ave S,,-86.788524,36.153651,1,No,19,,,,"A 26-year-old man, Brady Gaulke, has died from injuries after a rideshare vehicle hit his electric scooter in Nashville. Gaulke turned from a sidewalk into the roadway, violating traffic laws. Police stated improper turning was a contributing factor in the crash.",News Channel 5: https://www.newschannel5.com/news/scooter-crash-seriously-injures-man-in-nashville; WKRN: https://www.wkrn.com/top-news/scooter-rider-dies-from-injuries-after-thursday-crash-near-downtown/
20190354333,2019-05-08,23:45:00,pedestrian; vehicle,No,State Route,,,900 OLD HICKORY BLVDW,-86.75229,36.26854,1,No,3,,,,"PEDESTRIAN, CLEAR, DAYLIGHT",
20190343535,2019-05-05,00:09:00,vehicle,No,Interstate,,,MM 55 0 I 24,-86.70711,36.0947,1,Yes,30,,,,"MOTOR VEHICLE IN TRANSPORT;GUARDRAIL FACE;OTHER POST, POLE, SUPP.;WALL;Ran Off Road-Right;Ran Off Road-Left, RAIN, DARK - LIGHTED",
20190339774,2019-05-03,07:20:00,vehicle,Yes,Interstate,,,I24 E EXT RAMP & I 24,-86.8708,36.32323,1,No,1,,,,"GUARDRAIL FACE;Ran Off Road-Left, CLEAR, DARK - NOT LIGHTED",
20190335782,2019-05-01,23:21:00,vehicle,Yes,Local,,,3500 DOVE CREEK RD,-86.59832,36.07231,1,No,8,,,,"CULVERT;TREE, CLEAR, DARK - LIGHTED",
20190322766,2019-04-26,19:56:00,vehicle,Yes,State Route,,,3800 ASHLAND CITY HWY EB ENT RAMP,-86.87002,36.20908,1,No,1,,,,"FENCE;TREE;Ran Off Road-Right, CLEAR, DAYLIGHT",
20190322649,2019-04-26,18:25:00,vehicle,Yes,Local,,,LISCHEY AV & TREUTLAN PL,-86.7653,36.1802,1,No,5,,,,"BUILDING;CURB, CLEAR, DAYLIGHT",
20190316914,2019-04-24,21:39:00,vehicle,No,State Route,,,NEWSOM STATION RD & BUFFALO RD,-86.98699,36.0916,1,No,22,,,,"MOTOR VEHICLE IN TRANSPORT, ANGLE, CLEAR, DAYLIGHT",
20190299653,2019-04-18,21:43:00,vehicle,No,State Route,,,HIGHWAY 100 & HARPETH BEND DR,-86.91764,36.06029,1,No,34,,,,"MOTOR VEHICLE IN TRANSPORT, ANGLE, CLEAR, DAYLIGHT",
20190297839,2019-04-18,08:04:00,vehicle,No,State Route,,,DONELSON PKE & BNA DR,-86.66409,36.13278,1,No,13,,,,"MOTOR VEHICLE IN TRANSPORT;GUARDRAIL FACE, HEAD-ON, CLEAR, DARK - LIGHTED",
20190285262,2019-04-14,05:38:00,pedestrian; vehicle,No,State Route,,,4900 LEBANON PKE,-86.58496,36.21625,1,No,11,,,,"PEDESTRIAN, RAIN, DARK - NOT LIGHTED",
20190283270,2019-04-13,08:03:00,vehicle,Yes,Local,,,ALVIN SPERRY RD & EARHART RD,-86.56376,36.13841,1,No,12,,,,"TREE;Ran Off Road-Left, CLOUDY, DARK - NOT LIGHTED",
20190282308,2019-04-13,00:01:00,vehicle,No,Interstate,,,MM 1 7 I 440,-86.82254,36.15439,1,No,21,,,,"GUARDRAIL FACE;Ran Off Road-Right;EMBANKMENT ROCK/STONE/CONCRETE, CLEAR, DUSK",
20190251110,2019-04-01,18:56:00,vehicle,Yes,Interstate,,,MM 79 8 I 65,-86.77104,36.11107,1,No,25,,,,"BRIDGE PIER/ABUTMENT;Ran Off Road-Right, CLEAR, DAYLIGHT",
20190245162,2019-03-30,04:57:00,vehicle,No,State Route,,,RANSOM PL & MURFREESBORO PKE,-86.64999,36.08907,1,No,28,,,,"MOTOR VEHICLE IN TRANSPORT, ANGLE, CLEAR, DARK - LIGHTED",
20190238565,2019-03-28,01:27:00,pedestrian; vehicle,No,Interstate,,,MM 48 6 I 24,-86.76736,36.17068,1,No,6,,,,"PEDESTRIAN, CLEAR, DARK - LIGHTED",
20190228788,2019-03-24,22:09:00,vehicle,No,State Route,,,NOLENSVILLE PKE & ZOO RD,-86.7328,36.08924,1,No,26,,,,"MOTOR VEHICLE IN TRANSPORT, ANGLE, CLEAR, DAYLIGHT",
20190224955,2019-03-23,04:31:00,vehicle,Yes,Local,,,OLD HARDING PKE & BIG EAST FORK RD,-87.0299,36.00223,1,No,35,,,,"TREE;Ran Off Road-Left, CLEAR, DARK - NOT LIGHTED",
20190189376,2019-03-11,01:17:00,pedestrian; vehicle,No,Local,,,RURAL HILL RD & TOOK DR,-86.648,36.05714,1,No,32,,,,"PEDESTRIAN, CLEAR, DARK - NOT LIGHTED",
20190156815,2019-02-27,03:15:00,pedestrian; vehicle,No,Local,,,HAMILTON CHURCH RD & MURFREESBORO PKE,-86.62562,36.06518,1,No,8,,,,"PEDESTRIAN, CLEAR, DARK - NOT LIGHTED",
20190097711,2019-02-05,23:48:00,vehicle,No,Interstate,,,MM 35 8 I 24,-86.85323,36.32143,1,No,1,,,,"MOTOR VEHICLE IN TRANSPORT, Front to Rear, CLEAR, DARK - NOT LIGHTED",
20190090226,2019-02-03,06:03:00,vehicle,No,State Route,,,NOLENSVILLE PKE & PARAGON MILLS RD,-86.72829,36.08496,2,No,30,,,,"MOTOR VEHICLE IN TRANSPORT, ANGLE, CLEAR, DARK - LIGHTED",
20190086321,2019-02-01,17:26:00,pedestrian; vehicle,No,State Route,,,BRICK CHURCH PKE & W TRINITY LN,-86.77791,36.20657,1,No,2,,,,"PEDESTRIAN, CLEAR, DAYLIGHT",
20190071317,2019-01-28,03:36:00,pedestrian; vehicle,No,State Route,,,2ND AVS & LAFAYETTE ST,-86.76785,36.15054,1,No,17,,,,"PEDESTRIAN, CLEAR, DARK - LIGHTED",
20190056068,2019-01-22,15:04:00,vehicle,Yes,Local,,,600 S 8TH ST,-86.755,36.16791,1,No,6,,,,"Occupant Struck By Own Vehicle, CLEAR, DAYLIGHT",
20190050654,2019-01-20,07:47:00,vehicle,Yes,Local,,,ANDREW JACKSON PKWY & HIGHLAND VIEW DR,-86.60479,36.20816,1,No,14,,,,"TREE;Ran Off Road-Right;Ran Off Road-Left;Cross Median, CLEAR, DARK - NOT LIGHTED",
20190022778,2019-01-09,23:58:00,pedestrian; vehicle,No,State Route,,,OLD HICKORY BLVD & OLD HICKORY BLVD PVTD,-86.61967,36.1961,1,No,14,,,,"PEDESTRIAN, CLEAR, DARK - NOT LIGHTED",
20190002109,2019-01-02,05:08:00,vehicle,Yes,Local,,,4TH AVS & SYMPHONY PL,-86.7767,36.16025,1,Yes,19,,,,", CLEAR, DARK - LIGHTED",
20190001104,2019-01-01,18:50:00,vehicle,Yes,Local,,,CROSSINGS BLVD & CROSSINGS PL,-86.64684,36.04317,1,No,32,,,,"TREE, CLOUDY, DAYLIGHT",
20181029605,2018-12-12,17:20:00,vehicle,No,Interstate,,,MM 219 8 I 40,-86.61681,36.16331,1,No,12,,,,"MOTOR VEHICLE IN TRANSPORT;OTHER OBJECT (NOT FIXED);DITCH;WALL, Front to Rear, CLOUDY, DAYLIGHT",
20181007333,2018-12-04,09:25:00,vehicle,No,Local,,,BURKITT RD & WHITTEMORE LN,-86.65483,35.99191,1,Yes,33,,,,"MOTOR VEHICLE IN TRANSPORT;DITCH, HEAD-ON, CLEAR, DARK - NOT LIGHTED",
20181006190,2018-12-03,23:33:00,pedestrian,No,State Route,,,BRILEY PKWYN & I24 W ENT RAMP,-86.72198,36.10944,1,No,16,,,,"PEDESTRIAN, CLOUDY, DARK - LIGHTED",
20180999734,2018-12-01,01:09:00,vehicle,Yes,Interstate,,,MM 200 8 I 40,-86.90119,36.12784,2,No,23,,,,"Ran Off Road-Right;EMBANKMENT ROCK/STONE/CONCRETE, RAIN, DARK - NOT LIGHTED",
20180997655,2018-11-30,07:19:00,pedestrian; vehicle,No,State Route,,,W TRINITY LN & HAMPTON ST,-86.77879,36.20668,1,Yes,2,,,,"PEDESTRIAN, RAIN, DARK - LIGHTED",
20180978268,2018-11-22,23:21:00,pedestrian; vehicle,No,State Route,,,I40 E EXT RAMP & OLD HICKORY BLVD,-86.60502,36.17814,1,No,14,,,,"PEDESTRIAN, CLEAR, DARK - NOT LIGHTED",
20180973403,2018-11-20,23:18:00,pedestrian; vehicle,No,Local,,,OLD LEBANON DIRT RD & RACCOON TRL,-86.58041,36.19336,1,No,11,,,,"PEDESTRIAN, CLEAR, DARK - NOT LIGHTED",
20180962174,2018-11-16,20:41:00,vehicle,No,Interstate,,,MM 4 0 I 440,-86.78963,36.11627,1,No,18,,,,"MOTOR VEHICLE IN TRANSPORT;EMBANKMENT EARTH, CLEAR, DAYLIGHT",
20180931294,2018-11-06,11:48:00,vehicle,No,State Route,,,I40 E ENT RAMP & I 40,-86.89553,36.13189,1,No,23,,,,"MOTOR VEHICLE IN TRANSPORT, ANGLE, RAIN, DARK - LIGHTED",
20180930604,2018-11-06,05:48:00,vehicle,Yes,Interstate,,,DAVIDSON DR & HAPWOOD DR,-86.90305,36.12666,1,No,23,,,,"BRIDGE PIER/ABUTMENT;H-WAY TRAFFIC SIGNAL POST;CULVERT, RAIN, DARK - LIGHTED",
20180877047,2018-10-18,04:30:00,vehicle,No,State Route,,,DONELSON PKE & ALLEN RD,-86.66656,36.15071,1,No,15,,,,"MOTOR VEHICLE IN TRANSPORT, ANGLE, CLEAR, DARK - LIGHTED",
20180871340,2018-10-16,06:38:00,vehicle,No,Interstate,,,I 24 & I24 W ENT RAMP,-86.80146,36.27891,1,No,3,,,,"MOTOR VEHICLE IN TRANSPORT, Front to Rear, CLOUDY, DARK - LIGHTED",
20180867837,2018-10-14,22:30:00,vehicle,Yes,Interstate,,,MM 80 2 I 65,-86.77322,36.11577,1,No,26,,,,"BRIDGE RAIL, CLOUDY, DUSK",
20180852781,2018-10-09,01:41:00,pedestrian; vehicle,No,State Route,,,OLD HICKORY BLVD & CENTRAL PKE,-86.60187,36.17241,1,Yes,12,,,,"PEDESTRIAN, CLEAR, DARK - NOT LIGHTED",
20180846920,2018-10-06,08:40:00,vehicle,No,Interstate,,,MM 57 4 I 24,-86.68506,36.06497,1,Yes,27,,,,"MOTOR VEHICLE IN TRANSPORT, Front to Rear, CLEAR, DARK - NOT LIGHTED",
20180844638,2018-10-05,13:09:00,vehicle,No,Interstate,,,MM 62 3 I 24,-86.62377,36.01751,1,No,33,,,,"MOTOR VEHICLE IN TRANSPORT, Front to Rear, CLEAR, DAYLIGHT",
20180837217,2018-10-03,01:12:00,vehicle,Yes,Interstate,,,MM 40 8 I 24,-86.79732,36.27411,1,No,1,,,,"DITCH, CLEAR, DARK - LIGHTED",
20180831651,2018-10-01,00:52:00,vehicle,Yes,State Route,,,BRILEY PKWYN & BRILEY PKWYS,-86.86676,36.19706,1,No,1,,,,"UNKNOWN MOST HARMFUL EVENT, UNKNOWN, CLEAR, DARK - LIGHTED",
20180810332,2018-09-23,02:51:00,vehicle,No,State Route,,,OLD HICKORY BLVD & 28TH ST,-86.63957,36.24615,1,No,11,,,,"MOTOR VEHICLE IN TRANSPORT, HEAD-ON, CLOUDY, DARK - LIGHTED",
20180806149,2018-09-21,13:36:00,pedestrian; vehicle,No,Local,,,SHELBY AV & S 6TH ST,-86.76002,36.16844,1,No,6,,,,"PEDESTRIAN, CLEAR, DAYLIGHT",
20180805025,2018-09-21,03:32:00,vehicle,No,Local,,,1700 RIDLEY BLVD,-86.77628,36.13593,1,No,17,,,,"MOTOR VEHICLE IN TRANSPORT, HEAD-ON, CLEAR, DARK - LIGHTED",
20180799095,2018-09-19,05:00:00,vehicle,Yes,State Route,,,8200 HIGHWAY 100,-86.96011,36.04267,1,No,35,,,,"CULVERT;MAIL BOX;Ran Off Road-Right, CLEAR, DARK - LIGHTED",
20180790501,2018-09-16,05:37:00,pedestrian,No,Local,,,GAY ST & 1ST AVN,-86.77865,36.16949,1,Yes,19,,,,"OTHER POST, POLE, SUPP.;CURB;PEDESTRIAN, CLEAR, DARK - LIGHTED",
20180771301,2018-09-09,11:33:00,vehicle,Yes,Interstate,,,MM 92 3 I 65,-86.73762,36.2652,1,No,3,,,,"UTILITY POLE;EMBANKMENT EARTH, RAIN, DUSK",
20180770855,2018-09-09,06:09:00,pedestrian; vehicle,No,State Route,,,W TRINITY LN & BRICK CHURCH PKE,-86.77843,36.20667,1,Yes,2,,,,"PEDESTRIAN, CLOUDY, DARK - LIGHTED",
20180769249,2018-09-08,12:45:00,pedestrian; vehicle,No,Interstate,,,I440 W EXT RAMP & NOLENSVILLE PKE,-86.7516,36.1241,1,No,16,,,,"PEDESTRIAN, CLEAR, DAYLIGHT",
20180738574,2018-08-29,01:55:00,vehicle,Yes,State Route,,,4120 LEBANON PKE,-86.61898,36.19993,1,No,14,,,,"CURB, CLEAR, DARK - LIGHTED",
20180736302,2018-08-28,10:48:00,vehicle,No,State Route,,,DONELSON PKE & DONELSON PKE N ENT RAMP,-86.66349,36.13527,1,No,13,,,,"MOTOR VEHICLE IN TRANSPORT, ANGLE, CLEAR, DARK - LIGHTED",
20170728702,2018-08-25,10:12:00,vehicle,No,State Route,,,MURFREESBORO PKE & PARKS RETREAT DR,-86.59346,36.031,1,No,32,,,,"MOTOR VEHICLE IN TRANSPORT, HEAD-ON, CLEAR, DARK - NOT LIGHTED",
20180728702,2018-08-25,10:12:00,vehicle,No,State Route,,,MURFREESBORO PKE & PARKS RETREAT DR,-86.59346,36.031,1,No,32,,,,"MOTOR VEHICLE IN TRANSPORT, HEAD-ON, CLEAR, DARK - NOT LIGHTED",
20180707803,2018-08-18,05:08:00,pedestrian; vehicle,No,State Route,,,HARDING PL & METROPLEX DR,-86.69648,36.08688,1,Yes,28,,,,"PEDESTRIAN, RAIN, DARK - LIGHTED",
20180683806,2018-08-10,01:14:00,vehicle,No,Local,,,BELL RD & ARBOR LAKE BLVD,-86.59984,36.16218,1,No,12,,,,"MOTOR VEHICLE IN TRANSPORT, HEAD-ON, CLEAR, DARK - NOT LIGHTED",
20180677805,2018-08-08,04:20:00,pedestrian,No,State Route,,,GALLATIN PKES & MAPLE ST,-86.71253,36.26124,1,Yes,9,,,,"MOTOR VEHICLE IN TRANSPORT;PEDESTRIAN, ANGLE, CLEAR, DARK - LIGHTED",
20180669689,2018-08-05,02:47:00,vehicle,Yes,Local,,,BRICK CHURCH PKE & BRICK CHURCH LN,-86.78007,36.24514,1,No,3,,,,"MAIL BOX;TREE, CLEAR, DARK - NOT LIGHTED",
20180659224,2018-08-01,12:55:00,vehicle,No,State Route,,,2400 GALLATIN PKEN,-86.68048,36.30887,1,No,10,,,,"MOTOR VEHICLE IN TRANSPORT, ANGLE, CLEAR, DAYLIGHT",
20180651383,2018-07-29,22:56:00,vehicle,Yes,State Route,,,STATE RT 45 & RIO VISTA DR,-86.6809,36.26297,1,No,9,,,,"UTILITY POLE;Ran Off Road-Right, CLEAR, DAYLIGHT",
20180633144,2018-07-23,20:12:00,pedestrian; vehicle,No,Interstate,,,MM 207 9 I 40,-86.79873,36.17165,1,No,19,,,,"PEDESTRIAN, CLEAR, DAYLIGHT",
20180630294,2018-07-22,16:19:00,vehicle,Yes,Interstate,,,MM 81 0 I 65,-86.7732,36.13007,1,No,17,,,,"GUARDRAIL FACE, CLEAR, DAYLIGHT",
20180605862,2018-07-14,02:05:00,vehicle,No,Local,,,BELL RD & BELL RD PVTDR,-86.61804,36.15694,1,No,12,,,,"MOTOR VEHICLE IN TRANSPORT, Front to Rear, CLEAR, DARK - NOT LIGHTED",
20180597430,2018-07-11,06:37:00,pedestrian; vehicle,No,State Route,,,LAFAYETTE ST & I40 E EXT RAMP,-86.76886,36.15098,1,Yes,17,,,,"PEDESTRIAN, CLEAR, DARK - NOT LIGHTED",
20180591363,2018-07-09,08:40:00,pedestrian; vehicle,No,State Route,,,CLARKSVILLE PKE & CLIFF DR,-86.82825,36.19184,1,Yes,1,,,,"PEDESTRIAN, CLEAR, DARK - LIGHTED",
20180579410,2018-07-05,04:31:00,vehicle,No,State Route,,,HILLSBORO PKE & STANFORD DR,-86.8297,36.08976,1,No,34,,,,"MOTOR VEHICLE IN TRANSPORT, HEAD-ON, CLEAR, DARK - LIGHTED",
20180576179,2018-07-03,23:33:00,vehicle,No,State Route,,,GALLATIN PKEN & DUPONT AV,-86.71095,36.2666,1,No,9,,,,"MOTOR VEHICLE IN TRANSPORT, ANGLE, CLEAR, DAYLIGHT",
20180561270,2018-06-29,04:09:00,vehicle,Yes,Local,,,EWING DR & RICH ACRES DR,-86.76681,36.23058,1,No,2,,,,"UTILITY POLE, CLEAR, DARK - LIGHTED",
20180559398,2018-06-28,15:53:00,vehicle,No,State Route,,,HARDING PKE & JACKSON BLVD,-86.86295,36.11327,1,No,23,,,,"MOTOR VEHICLE IN TRANSPORT, ANGLE, CLOUDY, DAYLIGHT",
20180559573,2018-06-28,05:00:00,vehicle,Yes,State Route,,,RIVER ROAD PKE & RIVER ROAD PKE PVTDR,-86.9513,36.15452,1,No,35,,,,"DITCH;Ran Off Road-Right, UNKNOWN, UNKNOWN",
20180538636,2018-06-22,00:30:00,vehicle,No,Interstate,,,MM 53 9 I 24,-86.71954,36.10715,1,No,16,,,,"MOTOR VEHICLE IN TRANSPORT;GUARDRAIL FACE;GUARDRAIL END;LUMINAIRE/LIGHT SUPPORT;TREE, CLOUDY, DAYLIGHT",
20180534914,2018-06-20,22:23:00,vehicle,No,State Route,,,MURFREESBORO PKE & BLANTON AV,-86.73134,36.1385,1,No,16,,,,"MOTOR VEHICLE IN TRANSPORT, Front to Rear, CLEAR, DAYLIGHT",
20180502805,2018-06-09,23:03:00,vehicle,Yes,Local,,,CATO RD & JORDONIA STATION RD,-86.86546,36.20946,2,No,1,,,,"WALL, CLOUDY, DAYLIGHT",
20180494479,2018-06-07,04:11:00,pedestrian; vehicle,No,State Route,,,1700 WEST END AV,-86.795,36.1535,1,No,19,,,,"PEDESTRIAN, CLEAR, DARK - LIGHTED",
20180462257,2018-05-26,17:35:00,vehicle,No,State Route,,,GALLATIN PKES & MAPLE ST,-86.71253,36.26124,1,No,9,,,,"MOTOR VEHICLE IN TRANSPORT, ANGLE, CLOUDY, DAYLIGHT",
20180458006,2018-05-25,04:09:00,vehicle,Yes,Interstate,,,MM 5 6 I 440,-86.76318,36.1217,1,No,26,,,,"GUARDRAIL FACE;EMBANKMENT EARTH, CLEAR, DARK - LIGHTED",
20180458066,2018-05-25,04:09:00,vehicle,Yes,Interstate,,,MM 5 6 I 440,-86.76318,36.1217,1,No,26,,,,"GUARDRAIL FACE;EMBANKMENT EARTH, CLEAR, DARK - LIGHTED",
20180443028,2018-05-20,05:12:00,vehicle,No,Local,,,ELM HILL PKE & SPENCE LN,-86.72257,36.14396,1,No,15,,,,"MOTOR VEHICLE IN TRANSPORT, HEAD-ON, CLEAR, DARK - LIGHTED",
20180422500,2018-05-13,09:05:00,vehicle,Yes,State Route,,,BELL RD & CANE RIDGE RD,-86.66391,36.04489,1,No,33,,,,"UTILITY POLE;CURB, CLEAR, DARK - LIGHTED",
20180416894,2018-05-11,09:21:00,vehicle,No,State Route,,,HIGHWAY 96 & LITTLE EAST FORK RD,-87.02474,36.00223,1,No,35,,,,"MOTOR VEHICLE IN TRANSPORT, ANGLE, CLEAR, Dark-Unknown Lighting",
20180412350,2018-05-10,01:33:00,pedestrian,No,Local,,,MYATT DR & SPRING BRANCH DR,-86.69618,36.29359,1,Yes,10,,,,"PEDESTRIAN, CLEAR, DARK - NOT LIGHTED",
20180403662,2018-05-07,15:25:00,vehicle,Yes,Interstate,,,MM 211 3 I 40,-86.75511,36.15275,1,No,17,,,,"PAVED SURFACE-IRREGULAR, CLEAR, DAYLIGHT",
20180384967,2018-05-01,07:45:00,pedestrian; vehicle,No,Interstate,,,MM 218 0 I 40,-86.66773,36.14148,1,Yes,13,,,,"PEDESTRIAN, CLEAR, DARK - LIGHTED",
20180334435,2018-04-14,09:55:00,vehicle,No,Interstate,,,I24 W EXT RAMP & I 24,-86.79735,36.27497,1,No,3,,,,"MOTOR VEHICLE IN TRANSPORT;PARKED MOTOR VEHICLE, ANGLE, CLOUDY, DARK - NOT LIGHTED",
20180313519,2018-04-08,01:33:00,vehicle,No,State Route,,,DONELSON PKE & DONELSON PKE N ENT RAMP,-86.66369,36.13381,1,No,13,,,,"MOTOR VEHICLE IN TRANSPORT, HEAD-ON, CLEAR, DARK - LIGHTED",
20180296883,2018-04-03,03:46:00,vehicle,No,Interstate,,,MM 59 4 I 24,-86.65904,36.04548,1,No,33,,,,"MOTOR VEHICLE IN TRANSPORT, Front to Rear, CLEAR, DARK - LIGHTED",
20180296832,2018-04-03,03:17:00,pedestrian; vehicle,No,State Route,,,BELL RD & CANE RIDGE RD,-86.66283,36.04484,1,No,33,,,,"PEDESTRIAN, CLEAR, DARK - LIGHTED",
20180290087,2018-03-31,09:15:00,pedestrian,No,Interstate,,,MM 57 4 I 24,-86.68474,36.06466,1,No,27,,,,"MOTOR VEHICLE IN TRANSPORT;PEDESTRIAN, HEAD-ON, CLEAR, DARK - NOT LIGHTED",
20180275177,2018-03-26,21:26:00,pedestrian,No,Local,,,JEFFERSON ST & 9TH AVN,-86.79204,36.17312,1,No,19,,,,"MOTOR VEHICLE IN TRANSPORT;UTILITY POLE;Set In Motion By Motor Vehicle;Ran Off Road-Right;Ran Off Road-Left;Vehicle Airborne;Cross Center Line;PEDESTRIAN, HEAD-ON, CLEAR, DAYLIGHT",
20180265439,2018-03-23,10:24:00,pedestrian; vehicle,No,State Route,,,NOLENSVILLE PKE & HARDING PL,-86.7264,36.07984,1,No,30,,,,"PEDESTRIAN, CLEAR, DARK - LIGHTED",
20180230741,2018-03-13,00:41:00,vehicle,No,State Route,,,ELLINGTON PKWYN & ELLINGTON PKWY N ENT R,-86.74652,36.22187,1,No,5,,,,"MOTOR VEHICLE IN TRANSPORT, HEAD-ON, CLEAR, DARK - NOT LIGHTED",
20180227374,2018-03-11,20:45:00,vehicle,No,State Route,,,BRILEY PKWY E ENT RAMP & BRILEY PKWY E E,-86.74059,36.2376,1,No,7,,,,"MOTOR VEHICLE IN TRANSPORT;Ran Off Road-Left, HEAD-ON, RAIN, DAYLIGHT",
20180226083,2018-03-11,05:59:00,vehicle,No,Local,,,KNIGHT DR & WHITES CREEK PKE,-86.80534,36.22762,1,No,2,,,,"MOTOR VEHICLE IN TRANSPORT;Cross Center Line, HEAD-ON, CLEAR, DARK - LIGHTED",
20180201281,2018-03-03,17:31:00,vehicle,Yes,State Route,,,STATE RT 45 & DELAWARE AV,-86.70446,36.26382,1,No,9,,,,"DITCH;Ran Off Road-Right, CLEAR, DAYLIGHT",
20180185846,2018-02-26,21:00:00,pedestrian; vehicle,No,Local,,,WOODLAND ST & DOWNTOWN GRNWY,-86.77586,36.16759,1,No,19,,,,"PEDESTRIAN, CLEAR, DAYLIGHT",
20180146241,2018-02-14,08:27:00,vehicle,No,State Route,,,GALLATIN PKEN & ANDERSON LN,-86.71004,36.27344,1,Yes,9,,,,"MOTOR VEHICLE IN TRANSPORT, ANGLE, RAIN, DARK - LIGHTED",
20180104608,2018-02-01,12:19:00,vehicle,No,Local,,,BUCHANAN ST & 14TH AVN,-86.80765,36.18013,1,No,21,,,,"MOTOR VEHICLE IN TRANSPORT, Front to Rear, CLOUDY, DAYLIGHT",
20180102291,2018-01-31,22:41:00,vehicle,No,State Route,,,RIVER ROAD PKE & OLD RIVER RD,-86.96887,36.19677,1,No,35,,,,"MOTOR VEHICLE IN TRANSPORT;TREE;Ran Off Road-Right;Ran Off Road-Left;EMBANKMENT EARTH, SIDESWIPE - SAME DIRECTION, CLEAR, DAYLIGHT",
20180066566,2018-01-21,10:12:00,vehicle,Yes,State Route,,,2582 MURFREESBORO PKE,-86.63945,36.07533,1,No,32,,,,"OTHER OBJECT (NOT FIXED);BUILDING, CLEAR, DARK - LIGHTED",
20180058575,2018-01-19,00:12:00,pedestrian; vehicle,No,State Route,,,MURFREESBORO PKE & WILHAGAN RD,-86.71919,36.13243,1,No,16,,,,"PEDESTRIAN, CLEAR, DARK - LIGHTED",
20180041747,2018-01-14,00:42:00,pedestrian; vehicle,No,Interstate,,,MM 60 1 I 24,-86.64821,36.03911,1,No,32,,,,"PEDESTRIAN, CLEAR, DARK - NOT LIGHTED",
20180009171,2018-01-04,01:18:00,pedestrian; vehicle,No,State Route,,,DICKERSON PKE & E TRINITY LN,-86.76835,36.20658,1,No,5,,,,"PEDESTRIAN, CLEAR, DARK - LIGHTED",
20171138443,2017-12-31,11:14:00,vehicle,Yes,Local,,,SIDCO DR & POWELL AV,-86.75852,36.09409,1,No,26,,,,"TREE;Ran Off Road-Left, CLEAR, DARK - LIGHTED",
20171114901,2017-12-22,02:17:00,pedestrian,No,State Route,,,LEBANON PKE & STONES RIVER GRNWY,-86.63561,36.18563,1,No,14,,,,"OTHER OBJECT (NOT FIXED);PEDESTRIAN, CLEAR, DARK - LIGHTED",
20171102511,2017-12-18,07:55:00,pedestrian; vehicle,No,Interstate,,,MM 210 1 I 40,-86.77554,36.14864,1,No,17,,,,"PEDESTRIAN, CLOUDY, DARK - LIGHTED",
20171084458,2017-12-12,13:20:00,vehicle,No,State Route,,,OLD HICKORY BLVD & BURNING TREE DR,-86.60251,36.17451,1,No,12,,,,"MOTOR VEHICLE IN TRANSPORT, ANGLE, CLOUDY, DAYLIGHT",
20171078853,2017-12-10,06:00:00,vehicle,Yes,State Route,,,GALLATIN PKES & LAKEWOOD DR,-86.72276,36.24389,1,No,7,,,,"UTILITY POLE;Ran Off Road-Left, CLEAR, DARK - LIGHTED",
20171057502,2017-12-03,05:15:00,pedestrian; vehicle,No,State Route,,,LAFAYETTE ST & ASH ST,-86.77256,36.15224,1,No,19,,,,"PEDESTRIAN, RAIN, DARK - LIGHTED",
20171020531,2017-11-21,01:10:00,pedestrian; vehicle,No,State Route,,,W TRINITY LN & I65 N ENT RAMP,-86.77348,36.20627,1,No,2,,,,"PEDESTRIAN, CLEAR, DARK - NOT LIGHTED",
20170996320,2017-11-13,03:45:00,pedestrian; vehicle,No,State Route,,,NOLENSVILLE PKE & WELSHWOOD DR,-86.72707,36.08201,1,No,30,,,,"PEDESTRIAN, CLEAR, DARK - LIGHTED",
20170978243,2017-11-07,00:36:00,pedestrian; vehicle,No,Local,,,HART LN & DICKERSON PKE,-86.75953,36.22138,1,No,5,,,,"PEDESTRIAN, RAIN, DARK - LIGHTED",
20170968229,2017-11-03,07:28:00,vehicle,Yes,Local,,,BURKITT RD & BATTLE RD,-86.62712,35.98968,1,No,33,,,,"EMBANKMENT EARTH, CLOUDY, DARK - NOT LIGHTED",
20170902838,2017-10-12,23:55:00,motorcycle,No,Local,Haywood Ln,Chambers Dr,,-86.70746,36.06842,1,No,27,,,,"MOTOR VEHICLE IN TRANSPORT;PEDESTRIAN, Front to Rear, CLEAR, DARK - LIGHTED",Fox 17: https://fox17.com/news/local/police-identify-motorcyclist-killed-in-crash-near-haywood-lane
20170899222,2017-10-11,21:00:00,vehicle,No,Local,,,2ND AVS & PEABODY ST,-86.7719,36.15681,1,No,19,,,,"MOTOR VEHICLE IN TRANSPORT;BUILDING;UTILITY POLE;FENCE;Ran Off Road-Right, Front to Rear, CLOUDY, DAYLIGHT",
20170889298,2017-10-08,08:48:00,vehicle,Yes,Interstate,,,MM 57 7 I 24,-86.68117,36.06152,1,No,28,,,,"CULVERT;EMBANKMENT EARTH, RAIN, DARK - NOT LIGHTED",
20170879792,2017-10-05,06:14:00,vehicle,Yes,Interstate,,,MM 62 8 I 24,-86.61726,36.01165,1,No,32,,,,"EMBANKMENT EARTH, CLEAR, DARK - NOT LIGHTED",
20170876120,2017-10-04,03:42:00,pedestrian; vehicle,No,State Route,,,OLD HICKORY BLVD & HICKORY PLZ,-86.71678,36.04524,1,No,4,,,,"PEDESTRIAN, CLEAR, DARK - LIGHTED",
20170865846,2017-09-30,10:43:00,vehicle,No,Local,,,FIRESTONE PKWY & GOULD BLVD,-86.61599,36.0163,1,No,32,,,,"MOTOR VEHICLE IN TRANSPORT, ANGLE, CLEAR, DARK - LIGHTED",
20170865426,2017-09-30,06:08:00,vehicle,No,State Route,,,LEBANON PKE & JACKSONIAN DR,-86.62383,36.19288,1,No,14,,,,"MOTOR VEHICLE IN TRANSPORT, ANGLE, CLEAR, DARK - LIGHTED",
20170844304,2017-09-23,04:44:00,pedestrian; vehicle,No,State Route,,,LEBANON PKE & OMOHUNDRO PL,-86.73157,36.15319,1,No,15,,,,"PEDESTRIAN, CLEAR, DARK - LIGHTED",
20170844065,2017-09-23,02:52:00,vehicle,No,State Route,,,652 HARDING PL,-86.74771,36.07952,1,No,26,,,,"MOTOR VEHICLE IN TRANSPORT, ANGLE, CLEAR, DARK - LIGHTED",
20170835993,2017-09-20,19:23:00,vehicle,No,Local,,,ALABAMA AV & 47TH AVN,-86.84312,36.15326,1,No,24,,,,", CLEAR, DAYLIGHT",
20170765579,2017-08-29,13:17:00,vehicle,No,Local,,,BLUFF RD & NOLENSVILLE PKE,-86.70323,36.00648,1,No,4,,,,"MOTOR VEHICLE IN TRANSPORT;Ran Off Road-Right;Cross Center Line;EMBANKMENT ROCK/STONE/CONCRETE, ANGLE, CLEAR, DAYLIGHT",
20170735894,2017-08-19,11:39:00,pedestrian,No,Local,,,MM 86 5 I 65,-86.77615,36.19559,1,No,2,,,,"MOTOR VEHICLE IN TRANSPORT;WALL;PEDESTRIAN, Front to Rear, CLEAR, DAWN",
20170715000,2017-08-13,05:00:00,pedestrian; vehicle,No,State Route,,,NOLENSVILLE PKE & I440 E ENT RAMP,-86.75045,36.12146,1,No,16,,,,"PEDESTRIAN, CLEAR, DARK - LIGHTED",
20170713018,2017-08-12,09:39:00,pedestrian; vehicle,No,State Route,,,200 W TRINITY LN,-86.77926,36.2067,1,Yes,2,,,,"PEDESTRIAN, CLEAR, DARK - LIGHTED",
20170707031,2017-08-09,05:00:00,vehicle,Yes,Local,,,HICKS RD & PATTEN LN,-86.92529,36.06767,1,No,22,,,,"CULVERT;DITCH;MAIL BOX;SHRUBBERY;Ran Off Road-Right, CLOUDY, DARK - NOT LIGHTED",
20170700747,2017-08-08,05:00:00,pedestrian; vehicle,No,State Route,,,MURFREESBORO PKE & WILHAGAN RD,-86.71949,36.13254,1,Yes,16,,,,"PEDESTRIAN, CLEAR, DAYLIGHT",
20170690912,2017-08-05,17:50:00,vehicle,No,Local,,,BELL RD & STEWARTS FERRY PKE,-86.62538,36.15031,1,No,12,,,,"MOTOR VEHICLE IN TRANSPORT, ANGLE, CLEAR, DAYLIGHT",
20170683289,2017-08-03,04:41:00,pedestrian,No,Local,,,1500 22ND AVN,-86.81182,36.17381,1,No,21,,,,"MOTOR VEHICLE IN TRANSPORT;PARKED MOTOR VEHICLE;PEDESTRIAN, CLEAR, DARK - LIGHTED",
20170675421,2017-08-01,00:03:00,vehicle,No,Local,,,ANTIOCH PKE & WINGATE AV,-86.73509,36.10121,1,No,16,,,,"MOTOR VEHICLE IN TRANSPORT, ANGLE, CLEAR, DAYLIGHT",
20170672676,2017-07-31,01:45:00,pedestrian; vehicle,No,Local,,,ELM HILL PKE & ROYAL PKWY,-86.6757,36.15158,1,Yes,15,,,,"PEDESTRIAN, CLEAR, DARK - NOT LIGHTED",
20170662731,2017-07-27,16:54:00,pedestrian,No,Local,,,JEFFERSON DAVIS DR & SASSAFRAS PL,-86.82013,36.06127,1,No,34,,,,"PEDESTRIAN, CLEAR, DAYLIGHT",
20170645373,2017-07-22,03:00:00,pedestrian; vehicle,No,State Route,,,NOLENSVILLE PKE & WELSHWOOD DR,-86.72713,36.08221,1,No,30,,,,"PEDESTRIAN, CLEAR, DARK - LIGHTED",
20170637343,2017-07-19,20:42:00,vehicle,Yes,Interstate,,,MM 80 1 I 65,-86.77317,36.11556,1,No,26,,,,"GUARDRAIL FACE, CLOUDY, DAYLIGHT",
20170624163,2017-07-15,08:32:00,pedestrian; vehicle,No,State Route,,,2014 CHARLOTTE AV,-86.80511,36.15679,1,Yes,19,,,,"PEDESTRIAN, CLEAR, DARK - LIGHTED",
20170604055,2017-07-09,18:06:00,vehicle,No,State Route,,,OLD HICKORY BLVD & BUTLERS LN,-86.62291,36.21431,1,Yes,11,,,,"MOTOR VEHICLE IN TRANSPORT, HEAD-ON, CLEAR, DAYLIGHT",
20170594910,2017-07-06,19:21:00,vehicle,Yes,State Route,,,MURFREESBORO PKE & TOWN PARK DR,-86.66635,36.10315,1,No,28,,,,"UTILITY POLE;DITCH;Ran Off Road-Right, CLOUDY, DAYLIGHT",
20170588928,2017-07-05,04:52:00,vehicle,Yes,Interstate,,,MM 90 0 I 65,-86.75772,36.2376,1,No,5,,,,"Ran Off Road-Left;Vehicle Airborne, FOG, DARK - LIGHTED",
20150551770,2017-06-23,17:49:00,vehicle,No,State Route,,,CHARLOTTE PKE & I40 E ENT RAMP,-86.89594,36.13173,1,No,23,,,,"MOTOR VEHICLE IN TRANSPORT, ANGLE, RAIN, DAYLIGHT",
20170551770,2017-06-23,17:49:00,vehicle,No,State Route,,,CHARLOTTE PKE & I40 E ENT RAMP,-86.89594,36.13173,1,No,23,,,,"MOTOR VEHICLE IN TRANSPORT, ANGLE, RAIN, DAYLIGHT",
20170551111,2017-06-23,12:05:00,vehicle,No,Local,,,WILLARD DR & EAST RIDGE DR,-86.69751,36.07171,1,No,30,,,,"MOTOR VEHICLE IN TRANSPORT, ANGLE, CLOUDY, DAYLIGHT",
20170521760,2017-06-14,05:00:00,vehicle,Yes,Local,,,622 DRY CREEK RD,-86.7551,36.31396,1,No,10,,,,"GUARDRAIL FACE;TREE, CLEAR, DAWN",
20170512402,2017-06-11,06:03:00,pedestrian,No,State Route,,,OLD HICKORY BLVDW & DOUGLAS ST,-86.71408,36.26328,1,Yes,9,,,,"PEDESTRIAN, CLEAR, DARK - NOT LIGHTED",
20170510025,2017-06-10,06:12:00,vehicle,No,State Route,,,OLD HICKORY BLVD & BURNING TREE DR,-86.60251,36.17451,1,No,12,,,,"MOTOR VEHICLE IN TRANSPORT, ANGLE, CLEAR, DARK - NOT LIGHTED",
20170500810,2017-06-07,10:38:00,vehicle,Yes,Interstate,,,MM 86 5 I 65,-86.77557,36.19533,1,No,2,,,,"Ran Off Road-Right;Vehicle Airborne;EMBANKMENT ROCK/STONE/CONCRETE, CLEAR, DAYLIGHT",
20170491369,2017-06-04,06:39:00,vehicle,No,Interstate,,,I440 W ENT RAMP & I440 E ENT RAMP,-86.77508,36.11736,1,Yes,17,,,,"MOTOR VEHICLE IN TRANSPORT, HEAD-ON, CLEAR, DARK - NOT LIGHTED",
20170489640,2017-06-03,14:42:00,vehicle,No,State Route,,,BRILEY PKWYE & BRILEY PKWY E EXT RAMP,-86.75952,36.24148,1,No,3,,,,"MOTOR VEHICLE IN TRANSPORT, Front to Rear, CLEAR, DAYLIGHT",
20170477802,2017-05-31,02:11:00,vehicle,No,Local,,,MT VIEW RD & BABY RUTH LN,-86.64137,36.0435,1,Yes,32,,,,"MOTOR VEHICLE IN TRANSPORT;TREE, ANGLE, CLEAR, DARK - LIGHTED",
20170476322,2017-05-30,18:33:00,vehicle,No,State Route,,,BELL RD & HICKORY PARK DR,-86.67043,36.04486,1,No,33,,,,"MOTOR VEHICLE IN TRANSPORT, ANGLE, CLEAR, DAYLIGHT",
20170440350,2017-05-18,21:30:00,vehicle,No,Local,,,COTTAGE LN & DELLROSE DR,-86.69227,36.17059,1,No,15,,,,"MOTOR VEHICLE IN TRANSPORT, ANGLE, CLEAR, DAYLIGHT",
20170440096,2017-05-18,20:00:00,vehicle,No,State Route,,,NOLENSVILLE PKE & SWISS AV,-86.71278,36.03988,1,No,31,,,,"MOTOR VEHICLE IN TRANSPORT, HEAD-ON, CLEAR, DAYLIGHT",
20170428969,2017-05-15,13:51:00,vehicle,No,Interstate,,,MM 3 6 I 440,-86.79578,36.11612,1,No,18,,,,"MOTOR VEHICLE IN TRANSPORT, Front to Rear, CLEAR, DAYLIGHT",
20170412376,2017-05-09,23:50:00,vehicle,No,Local,,,SAUNDERS AV & SAUNDERS CT,-86.73723,36.21729,1,No,7,,,,"PARKED MOTOR VEHICLE;TREE;Ran Off Road-Left, CLEAR, DAYLIGHT",
20170402074,2017-05-06,06:16:00,vehicle,No,Interstate,,,MM 33 2 I 24,-86.89773,36.33064,1,Yes,1,,,,"MOTOR VEHICLE IN TRANSPORT;GUARDRAIL FACE, Front to Rear, CLEAR, DARK - NOT LIGHTED",
20170367591,2017-04-26,01:33:00,vehicle,No,Interstate,,,MM 58 6 I 24,-86.67058,36.05218,1,No,33,,,,"MOTOR VEHICLE IN TRANSPORT;GUARDRAIL FACE;SHRUBBERY;Vehicle Airborne, SIDESWIPE - SAME DIRECTION, CLEAR, DARK - NOT LIGHTED",
20170364146,2017-04-25,04:32:00,pedestrian; vehicle,No,State Route,,,MURFREESBORO PKE & BOWWOOD CT,-86.70906,36.12512,1,Yes,16,,,,"PEDESTRIAN, CLEAR, DARK - LIGHTED",
20170356775,2017-04-22,15:03:00,vehicle,Yes,Interstate,,,I65 S EXT RAMP & I 65,-86.78375,36.03658,1,No,25,,,,"EMBANKMENT ROCK/STONE/CONCRETE, CLOUDY, DAYLIGHT",
20170329192,2017-04-14,06:36:00,vehicle,Yes,Local,,,ANDREW JACKSON PKWY & RACHEL DONELSON PA,-86.60817,36.19985,1,No,14,,,,"UTILITY POLE;CURB;Ran Off Road-Left, CLEAR, DARK - LIGHTED",
20170309731,2017-04-08,12:42:00,pedestrian; vehicle,No,Local,,,3100 HAMILTON CHURCH RD,-86.62101,36.06467,1,Yes,29,,,,"PEDESTRIAN, CLEAR, DAYLIGHT",
20170285046,2017-03-31,12:03:00,vehicle,Yes,Interstate,,,MM 197 2 I 40,-86.94341,36.08746,1,No,22,,,,"BUILDING;FENCE;TREE, CLOUDY, DAYLIGHT",
20170272247,2017-03-27,13:04:00,vehicle,No,State Route,,,5355 WHITES CREEK PKE,-86.86184,36.30705,1,No,1,,,,"MOTOR VEHICLE IN TRANSPORT, HEAD-ON, RAIN, DAYLIGHT",
20170250207,2017-03-20,17:45:00,vehicle,Yes,State Route,,,BELL RD & BRENTRIDGE DR,-86.68161,36.04696,1,No,31,,,,"TREE;Ran Off Road-Left, , DAYLIGHT",
20170246557,2017-03-19,06:28:00,vehicle,Yes,Interstate,,,MM 74 6 I 65,-86.78261,36.03875,1,No,26,,,,"Ran Off Road-Right;EMBANKMENT ROCK/STONE/CONCRETE, CLEAR, DARK - LIGHTED",
20170158194,2017-02-18,10:38:00,pedestrian; vehicle,No,State Route,,,2ND AVS & LAFAYETTE ST,-86.76795,36.15069,1,No,17,,,,"Set In Motion By Motor Vehicle;PEDESTRIAN, RAIN, DARK - LIGHTED",
20170113107,2017-02-04,22:58:00,vehicle,Yes,State Route,,,DONELSON PKE & WOODBERRY DR,-86.66436,36.16061,1,No,15,,,,"UTILITY POLE, CLEAR, DUSK",
20170107886,2017-02-03,05:06:00,vehicle,No,Local,,,NEELYS BEND RD & IDLEWILD DR,-86.70101,36.2541,1,No,9,,,,"MOTOR VEHICLE IN TRANSPORT, ANGLE, CLEAR, DARK - LIGHTED",
20170097746,2017-01-31,13:09:00,vehicle,No,State Route,,,MURFREESBORO PKE & MOUNTAIN SPRINGS RD,-86.6091,36.04525,2,No,32,,,,"MOTOR VEHICLE IN TRANSPORT;DITCH, ANGLE, CLEAR, DAWN",
20170096040,2017-01-31,00:25:00,pedestrian; vehicle,No,State Route,,,MURFREESBORO PKE & PINEWAY DR,-86.69388,36.11492,1,No,13,,,,"PEDESTRIAN, CLEAR, DARK - LIGHTED",
20170084413,2017-01-27,11:14:00,vehicle,Yes,State Route,,,BRILEY PKWY E ENT RAMP & GALLATIN PKE,-86.72361,36.23376,1,No,7,,,,"WALL;Ran Off Road-Left, CLOUDY, DARK - LIGHTED",
20170084112,2017-01-27,09:00:00,vehicle,No,Local,,,BELL RD & HARBOR LIGHTS DR,-86.62485,36.09374,1,No,13,,,,"MOTOR VEHICLE IN TRANSPORT, ANGLE, CLOUDY, DARK - LIGHTED",
20170066452,2017-01-22,20:00:00,vehicle,Yes,State Route,,,OLD HICKORY BLVD & TIDWELL RD,-86.92306,36.11498,1,No,35,,,,"CURB;TREE, CLOUDY, DAYLIGHT",
20170055562,2017-01-19,02:54:00,pedestrian; vehicle,No,State Route,,,1100 BELL RD,-86.66645,36.04496,1,No,33,,,,"PEDESTRIAN, CLOUDY, DARK - LIGHTED",
20170037077,2017-01-13,03:11:00,pedestrian; vehicle,No,Local,,,E TRINITY LN & MERIDIAN ST,-86.76527,36.20563,1,No,5,,,,"PEDESTRIAN, CLOUDY, DARK - LIGHTED",